File,Label
PAEP-000001.wav,3
PAEP-000002.wav,5
PAEP-000003.wav,4
PAEP-000004.wav,1
PAEP-000005.wav,0
PAEP-000006.wav,2
PAEP-000007.wav,3
PAEP-000008.wav,3
PAEP-000009.wav,3
PAEP-000010.wav,5
PAEP-000011.wav,5
PAEP-000012.wav,5
PAEP-000013.wav,4
PAEP-000014.wav,4
PAEP-000015.wav,4
PAEP-000016.wav,1
PAEP-000017.wav,1
PAEP-000018.wav,0
PAEP-000019.wav,2
PAEP-000020.wav,2
PAEP-000021.wav,2
PAEP-000022.wav,3
PAEP-000023.wav,5
PAEP-000024.wav,4
PAEP-000025.wav,1
PAEP-000026.wav,0
PAEP-000027.wav,2
PAEP-000028.wav,3
PAEP-000029.wav,5
PAEP-000030.wav,4
PAEP-000031.wav,1
PAEP-000032.wav,0
PAEP-000033.wav,3
PAEP-000034.wav,5
PAEP-000035.wav,4
PAEP-000036.wav,1
PAEP-000037.wav,0
PAEP-000038.wav,2
PAEP-000039.wav,3
PAEP-000040.wav,5
PAEP-000041.wav,4
PAEP-000042.wav,1
PAEP-000043.wav,0
PAEP-000044.wav,2
PAEP-000045.wav,3
PAEP-000046.wav,5
PAEP-000047.wav,4
PAEP-000048.wav,1
PAEP-000049.wav,2
PAEP-000050.wav,3
PAEP-000051.wav,5
PAEP-000052.wav,4
PAEP-000053.wav,1
PAEP-000054.wav,0
PAEP-000055.wav,2
PAEP-000056.wav,3
PAEP-000057.wav,5
PAEP-000058.wav,4
PAEP-000059.wav,1
PAEP-000060.wav,0
PAEP-000061.wav,2
PAEP-000062.wav,3
PAEP-000063.wav,5
PAEP-000064.wav,4
PAEP-000065.wav,1
PAEP-000066.wav,2
PAEP-000067.wav,0
PAEP-000068.wav,1
PAEP-000069.wav,4
PAEP-000070.wav,2
PAEP-000071.wav,4
PAEP-000072.wav,5
PAEP-000073.wav,5
PAEP-000074.wav,3
PAEP-000075.wav,5
PAEP-000076.wav,3
PAEP-000077.wav,2
PAEP-000078.wav,0
PAEP-000079.wav,5
PAEP-000080.wav,0
PAEP-000081.wav,2
PAEP-000082.wav,3
PAEP-000083.wav,5
PAEP-000084.wav,4
PAEP-000085.wav,1
PAEP-000086.wav,0
PAEP-000087.wav,2
PAEP-000088.wav,3
PAEP-000089.wav,5
PAEP-000090.wav,4
PAEP-000091.wav,1
PAEP-000092.wav,0
PAEP-000093.wav,2
PAEP-000094.wav,3
PAEP-000095.wav,5
PAEP-000096.wav,1
PAEP-000097.wav,0
PAEP-000098.wav,2
PAEP-000099.wav,3
PAEP-000100.wav,3
PAEP-000101.wav,3
PAEP-000102.wav,5
PAEP-000103.wav,5
PAEP-000104.wav,5
PAEP-000105.wav,4
PAEP-000106.wav,4
PAEP-000107.wav,4
PAEP-000108.wav,1
PAEP-000109.wav,1
PAEP-000110.wav,1
PAEP-000111.wav,0
PAEP-000112.wav,2
PAEP-000113.wav,2
PAEP-000114.wav,3
PAEP-000115.wav,5
PAEP-000116.wav,4
PAEP-000117.wav,1
PAEP-000118.wav,0
PAEP-000119.wav,2
PAEP-000120.wav,3
PAEP-000121.wav,5
PAEP-000122.wav,4
PAEP-000123.wav,1
PAEP-000124.wav,0
PAEP-000125.wav,2
PAEP-000126.wav,3
PAEP-000127.wav,5
PAEP-000128.wav,1
PAEP-000129.wav,0
PAEP-000130.wav,2
PAEP-000131.wav,3
PAEP-000132.wav,5
PAEP-000133.wav,4
PAEP-000134.wav,1
PAEP-000135.wav,0
PAEP-000136.wav,2
PAEP-000137.wav,3
PAEP-000138.wav,5
PAEP-000139.wav,4
PAEP-000140.wav,1
PAEP-000141.wav,0
PAEP-000142.wav,2
PAEP-000143.wav,3
PAEP-000144.wav,4
PAEP-000145.wav,1
PAEP-000146.wav,0
PAEP-000147.wav,2
PAEP-000148.wav,3
PAEP-000149.wav,5
PAEP-000150.wav,4
PAEP-000151.wav,1
PAEP-000152.wav,0
PAEP-000153.wav,2
PAEP-000154.wav,3
PAEP-000155.wav,5
PAEP-000156.wav,4
PAEP-000157.wav,1
PAEP-000158.wav,2
PAEP-000159.wav,3
PAEP-000160.wav,4
PAEP-000161.wav,1
PAEP-000162.wav,0
PAEP-000163.wav,2
PAEP-000164.wav,3
PAEP-000165.wav,5
PAEP-000166.wav,4
PAEP-000167.wav,1
PAEP-000168.wav,0
PAEP-000169.wav,2
PAEP-000170.wav,3
PAEP-000171.wav,5
PAEP-000172.wav,4
PAEP-000173.wav,1
PAEP-000174.wav,0
PAEP-000175.wav,2
PAEP-000176.wav,3
PAEP-000177.wav,3
PAEP-000178.wav,5
PAEP-000179.wav,5
PAEP-000180.wav,5
PAEP-000181.wav,4
PAEP-000182.wav,4
PAEP-000183.wav,4
PAEP-000184.wav,1
PAEP-000185.wav,1
PAEP-000186.wav,1
PAEP-000187.wav,0
PAEP-000188.wav,2
PAEP-000189.wav,2
PAEP-000190.wav,2
PAEP-000191.wav,3
PAEP-000192.wav,4
PAEP-000193.wav,1
PAEP-000194.wav,0
PAEP-000195.wav,2
PAEP-000196.wav,3
PAEP-000197.wav,5
PAEP-000198.wav,4
PAEP-000199.wav,1
PAEP-000200.wav,0
PAEP-000201.wav,2
PAEP-000202.wav,3
PAEP-000203.wav,5
PAEP-000204.wav,4
PAEP-000205.wav,1
PAEP-000206.wav,0
PAEP-000207.wav,2
PAEP-000208.wav,5
PAEP-000209.wav,4
PAEP-000210.wav,1
PAEP-000211.wav,0
PAEP-000212.wav,2
PAEP-000213.wav,3
PAEP-000214.wav,5
PAEP-000215.wav,4
PAEP-000216.wav,1
PAEP-000217.wav,0
PAEP-000218.wav,2
PAEP-000219.wav,3
PAEP-000220.wav,5
PAEP-000221.wav,4
PAEP-000222.wav,1
PAEP-000223.wav,0
PAEP-000224.wav,3
PAEP-000225.wav,5
PAEP-000226.wav,4
PAEP-000227.wav,1
PAEP-000228.wav,0
PAEP-000229.wav,2
PAEP-000230.wav,3
PAEP-000231.wav,5
PAEP-000232.wav,4
PAEP-000233.wav,1
PAEP-000234.wav,0
PAEP-000235.wav,2
PAEP-000236.wav,3
PAEP-000237.wav,5
PAEP-000238.wav,4
PAEP-000239.wav,1
PAEP-000240.wav,2
PAEP-000241.wav,3
PAEP-000242.wav,5
PAEP-000243.wav,4
PAEP-000244.wav,1
PAEP-000245.wav,0
PAEP-000246.wav,2
PAEP-000247.wav,3
PAEP-000248.wav,5
PAEP-000249.wav,4
PAEP-000250.wav,1
PAEP-000251.wav,0
PAEP-000252.wav,2
PAEP-000253.wav,3
PAEP-000254.wav,3
PAEP-000255.wav,3
PAEP-000256.wav,5
PAEP-000257.wav,5
PAEP-000258.wav,4
PAEP-000259.wav,4
PAEP-000260.wav,4
PAEP-000261.wav,1
PAEP-000262.wav,1
PAEP-000263.wav,1
PAEP-000264.wav,0
PAEP-000265.wav,2
PAEP-000266.wav,2
PAEP-000267.wav,2
PAEP-000268.wav,3
PAEP-000269.wav,5
PAEP-000270.wav,4
PAEP-000271.wav,1
PAEP-000272.wav,2
PAEP-000273.wav,3
PAEP-000274.wav,5
PAEP-000275.wav,4
PAEP-000276.wav,1
PAEP-000277.wav,0
PAEP-000278.wav,2
PAEP-000279.wav,3
PAEP-000280.wav,5
PAEP-000281.wav,4
PAEP-000282.wav,1
PAEP-000283.wav,0
PAEP-000284.wav,2
PAEP-000285.wav,3
PAEP-000286.wav,5
PAEP-000287.wav,4
PAEP-000288.wav,0
PAEP-000289.wav,2
PAEP-000290.wav,3
PAEP-000291.wav,5
PAEP-000292.wav,4
PAEP-000293.wav,1
PAEP-000294.wav,0
PAEP-000295.wav,2
PAEP-000296.wav,3
PAEP-000297.wav,5
PAEP-000298.wav,4
PAEP-000299.wav,1
PAEP-000300.wav,0
PAEP-000301.wav,2
PAEP-000302.wav,3
PAEP-000303.wav,5
PAEP-000304.wav,1
PAEP-000305.wav,0
PAEP-000306.wav,2
PAEP-000307.wav,3
PAEP-000308.wav,5
PAEP-000309.wav,4
PAEP-000310.wav,1
PAEP-000311.wav,0
PAEP-000312.wav,2
PAEP-000313.wav,3
PAEP-000314.wav,5
PAEP-000315.wav,4
PAEP-000316.wav,1
PAEP-000317.wav,0
PAEP-000318.wav,2
PAEP-000319.wav,3
PAEP-000320.wav,4
PAEP-000321.wav,1
PAEP-000322.wav,0
PAEP-000323.wav,2
PAEP-000324.wav,3
PAEP-000325.wav,5
PAEP-000326.wav,4
PAEP-000327.wav,1
PAEP-000328.wav,0
PAEP-000329.wav,2
PAEP-000330.wav,3
PAEP-000331.wav,3
PAEP-000332.wav,3
PAEP-000333.wav,5
PAEP-000334.wav,5
PAEP-000335.wav,5
PAEP-000336.wav,4
PAEP-000337.wav,4
PAEP-000338.wav,1
PAEP-000339.wav,1
PAEP-000340.wav,1
PAEP-000341.wav,0
PAEP-000342.wav,2
PAEP-000343.wav,2
PAEP-000344.wav,2
PAEP-000345.wav,3
PAEP-000346.wav,5
PAEP-000347.wav,4
PAEP-000348.wav,1
PAEP-000349.wav,0
PAEP-000350.wav,2
PAEP-000351.wav,3
PAEP-000352.wav,4
PAEP-000353.wav,1
PAEP-000354.wav,0
PAEP-000355.wav,2
PAEP-000356.wav,3
PAEP-000357.wav,5
PAEP-000358.wav,4
PAEP-000359.wav,1
PAEP-000360.wav,0
PAEP-000361.wav,2
PAEP-000362.wav,3
PAEP-000363.wav,5
PAEP-000364.wav,4
PAEP-000365.wav,1
PAEP-000366.wav,0
PAEP-000367.wav,2
PAEP-000368.wav,5
PAEP-000369.wav,4
PAEP-000370.wav,1
PAEP-000371.wav,0
PAEP-000372.wav,2
PAEP-000373.wav,3
PAEP-000374.wav,5
PAEP-000375.wav,4
PAEP-000376.wav,1
PAEP-000377.wav,0
PAEP-000378.wav,2
PAEP-000379.wav,3
PAEP-000380.wav,5
PAEP-000381.wav,4
PAEP-000382.wav,1
PAEP-000383.wav,0
PAEP-000384.wav,3
PAEP-000385.wav,5
PAEP-000386.wav,4
PAEP-000387.wav,1
PAEP-000388.wav,0
PAEP-000389.wav,2
PAEP-000390.wav,3
PAEP-000391.wav,5
PAEP-000392.wav,4
PAEP-000393.wav,1
PAEP-000394.wav,0
PAEP-000395.wav,2
PAEP-000396.wav,3
PAEP-000397.wav,5
PAEP-000398.wav,4
PAEP-000399.wav,1
PAEP-000400.wav,2
PAEP-000401.wav,3
PAEP-000402.wav,5
PAEP-000403.wav,4
PAEP-000404.wav,1
PAEP-000405.wav,0
PAEP-000406.wav,2
PAEP-000407.wav,3
PAEP-000408.wav,3
PAEP-000409.wav,3
PAEP-000410.wav,5
PAEP-000411.wav,5
PAEP-000412.wav,5
PAEP-000413.wav,4
PAEP-000414.wav,4
PAEP-000415.wav,4
PAEP-000416.wav,1
PAEP-000417.wav,1
PAEP-000418.wav,0
PAEP-000419.wav,2
PAEP-000420.wav,2
PAEP-000421.wav,2
PAEP-000422.wav,3
PAEP-000423.wav,5
PAEP-000424.wav,4
PAEP-000425.wav,1
PAEP-000426.wav,0
PAEP-000427.wav,2
PAEP-000428.wav,3
PAEP-000429.wav,5
PAEP-000430.wav,4
PAEP-000431.wav,1
PAEP-000432.wav,2
PAEP-000433.wav,3
PAEP-000434.wav,5
PAEP-000435.wav,4
PAEP-000436.wav,1
PAEP-000437.wav,0
PAEP-000438.wav,2
PAEP-000439.wav,3
PAEP-000440.wav,5
PAEP-000441.wav,4
PAEP-000442.wav,1
PAEP-000443.wav,0
PAEP-000444.wav,2
PAEP-000445.wav,3
PAEP-000446.wav,5
PAEP-000447.wav,4
PAEP-000448.wav,0
PAEP-000449.wav,2
PAEP-000450.wav,3
PAEP-000451.wav,5
PAEP-000452.wav,4
PAEP-000453.wav,1
PAEP-000454.wav,0
PAEP-000455.wav,2
PAEP-000456.wav,3
PAEP-000457.wav,5
PAEP-000458.wav,4
PAEP-000459.wav,1
PAEP-000460.wav,0
PAEP-000461.wav,2
PAEP-000462.wav,3
PAEP-000463.wav,5
PAEP-000464.wav,1
PAEP-000465.wav,0
PAEP-000466.wav,2
PAEP-000467.wav,3
PAEP-000468.wav,5
PAEP-000469.wav,4
PAEP-000470.wav,1
PAEP-000471.wav,0
PAEP-000472.wav,2
PAEP-000473.wav,3
PAEP-000474.wav,5
PAEP-000475.wav,4
PAEP-000476.wav,1
PAEP-000477.wav,0
PAEP-000478.wav,2
PAEP-000479.wav,3
PAEP-000480.wav,4
PAEP-000481.wav,1
PAEP-000482.wav,0
PAEP-000483.wav,2
PAEP-000484.wav,3
PAEP-000485.wav,3
PAEP-000486.wav,3
PAEP-000487.wav,5
PAEP-000488.wav,5
PAEP-000489.wav,5
PAEP-000490.wav,4
PAEP-000491.wav,4
PAEP-000492.wav,4
PAEP-000493.wav,1
PAEP-000494.wav,1
PAEP-000495.wav,1
PAEP-000496.wav,2
PAEP-000497.wav,2
PAEP-000498.wav,2
PAEP-000499.wav,3
PAEP-000500.wav,5
PAEP-000501.wav,4
PAEP-000502.wav,1
PAEP-000503.wav,0
PAEP-000504.wav,2
PAEP-000505.wav,3
PAEP-000506.wav,5
PAEP-000507.wav,4
PAEP-000508.wav,1
PAEP-000509.wav,0
PAEP-000510.wav,2
PAEP-000511.wav,3
PAEP-000512.wav,4
PAEP-000513.wav,1
PAEP-000514.wav,0
PAEP-000515.wav,2
PAEP-000516.wav,3
PAEP-000517.wav,5
PAEP-000518.wav,4
PAEP-000519.wav,1
PAEP-000520.wav,0
PAEP-000521.wav,2
PAEP-000522.wav,3
PAEP-000523.wav,5
PAEP-000524.wav,4
PAEP-000525.wav,1
PAEP-000526.wav,0
PAEP-000527.wav,2
PAEP-000528.wav,5
PAEP-000529.wav,4
PAEP-000530.wav,1
PAEP-000531.wav,0
PAEP-000532.wav,2
PAEP-000533.wav,3
PAEP-000534.wav,5
PAEP-000535.wav,4
PAEP-000536.wav,1
PAEP-000537.wav,0
PAEP-000538.wav,2
PAEP-000539.wav,3
PAEP-000540.wav,5
PAEP-000541.wav,4
PAEP-000542.wav,1
PAEP-000543.wav,0
PAEP-000544.wav,1
PAEP-000545.wav,4
PAEP-000546.wav,5
PAEP-000547.wav,4
PAEP-000548.wav,5
PAEP-000549.wav,3
PAEP-000550.wav,2
PAEP-000551.wav,0
PAEP-000552.wav,1
PAEP-000553.wav,0
PAEP-000554.wav,1
PAEP-000555.wav,4
PAEP-000556.wav,5
PAEP-000557.wav,0
PAEP-000558.wav,5
PAEP-000559.wav,3
PAEP-000560.wav,5
PAEP-000561.wav,4
PAEP-000562.wav,1
PAEP-000563.wav,0
PAEP-000564.wav,2
PAEP-000565.wav,3
PAEP-000566.wav,5
PAEP-000567.wav,4
PAEP-000568.wav,1
PAEP-000569.wav,0
PAEP-000570.wav,2
PAEP-000571.wav,3
PAEP-000572.wav,5
PAEP-000573.wav,4
PAEP-000574.wav,1
PAEP-000575.wav,2
PAEP-000576.wav,3
PAEP-000577.wav,3
PAEP-000578.wav,3
PAEP-000579.wav,5
PAEP-000580.wav,5
PAEP-000581.wav,5
PAEP-000582.wav,4
PAEP-000583.wav,4
PAEP-000584.wav,4
PAEP-000585.wav,1
PAEP-000586.wav,1
PAEP-000587.wav,1
PAEP-000588.wav,0
PAEP-000589.wav,2
PAEP-000590.wav,2
PAEP-000591.wav,3
PAEP-000592.wav,5
PAEP-000593.wav,4
PAEP-000594.wav,1
PAEP-000595.wav,0
PAEP-000596.wav,2
PAEP-000597.wav,3
PAEP-000598.wav,5
PAEP-000599.wav,4
PAEP-000600.wav,1
PAEP-000601.wav,0
PAEP-000602.wav,2
PAEP-000603.wav,3
PAEP-000604.wav,5
PAEP-000605.wav,4
PAEP-000606.wav,1
PAEP-000607.wav,2
PAEP-000608.wav,3
PAEP-000609.wav,5
PAEP-000610.wav,4
PAEP-000611.wav,1
PAEP-000612.wav,0
PAEP-000613.wav,2
PAEP-000614.wav,3
PAEP-000615.wav,5
PAEP-000616.wav,4
PAEP-000617.wav,1
PAEP-000618.wav,0
PAEP-000619.wav,2
PAEP-000620.wav,3
PAEP-000621.wav,5
PAEP-000622.wav,4
PAEP-000623.wav,0
PAEP-000624.wav,2
PAEP-000625.wav,3
PAEP-000626.wav,5
PAEP-000627.wav,4
PAEP-000628.wav,1
PAEP-000629.wav,0
PAEP-000630.wav,2
PAEP-000631.wav,3
PAEP-000632.wav,5
PAEP-000633.wav,4
PAEP-000634.wav,1
PAEP-000635.wav,0
PAEP-000636.wav,2
PAEP-000637.wav,3
PAEP-000638.wav,5
PAEP-000639.wav,1
PAEP-000640.wav,0
PAEP-000641.wav,2
PAEP-000642.wav,3
PAEP-000643.wav,5
PAEP-000644.wav,4
PAEP-000645.wav,1
PAEP-000646.wav,0
PAEP-000647.wav,2
PAEP-000648.wav,3
PAEP-000649.wav,3
PAEP-000650.wav,3
PAEP-000651.wav,5
PAEP-000652.wav,5
PAEP-000653.wav,5
PAEP-000654.wav,4
PAEP-000655.wav,4
PAEP-000656.wav,1
PAEP-000657.wav,1
PAEP-000658.wav,1
PAEP-000659.wav,0
PAEP-000660.wav,2
PAEP-000661.wav,2
PAEP-000662.wav,2
PAEP-000663.wav,3
PAEP-000664.wav,5
PAEP-000665.wav,4
PAEP-000666.wav,1
PAEP-000667.wav,0
PAEP-000668.wav,2
PAEP-000669.wav,3
PAEP-000670.wav,5
PAEP-000671.wav,1
PAEP-000672.wav,0
PAEP-000673.wav,2
PAEP-000674.wav,3
PAEP-000675.wav,5
PAEP-000676.wav,4
PAEP-000677.wav,1
PAEP-000678.wav,0
PAEP-000679.wav,2
PAEP-000680.wav,3
PAEP-000681.wav,5
PAEP-000682.wav,4
PAEP-000683.wav,1
PAEP-000684.wav,0
PAEP-000685.wav,2
PAEP-000686.wav,3
PAEP-000687.wav,4
PAEP-000688.wav,1
PAEP-000689.wav,0
PAEP-000690.wav,2
PAEP-000691.wav,3
PAEP-000692.wav,5
PAEP-000693.wav,4
PAEP-000694.wav,1
PAEP-000695.wav,0
PAEP-000696.wav,2
PAEP-000697.wav,3
PAEP-000698.wav,5
PAEP-000699.wav,4
PAEP-000700.wav,1
PAEP-000701.wav,0
PAEP-000702.wav,2
PAEP-000703.wav,5
PAEP-000704.wav,4
PAEP-000705.wav,1
PAEP-000706.wav,0
PAEP-000707.wav,2
PAEP-000708.wav,3
PAEP-000709.wav,5
PAEP-000710.wav,4
PAEP-000711.wav,1
PAEP-000712.wav,0
PAEP-000713.wav,2
PAEP-000714.wav,3
PAEP-000715.wav,5
PAEP-000716.wav,4
PAEP-000717.wav,1
PAEP-000718.wav,0
PAEP-000719.wav,3
PAEP-000720.wav,3
PAEP-000721.wav,3
PAEP-000722.wav,5
PAEP-000723.wav,5
PAEP-000724.wav,5
PAEP-000725.wav,4
PAEP-000726.wav,4
PAEP-000727.wav,4
PAEP-000728.wav,1
PAEP-000729.wav,1
PAEP-000730.wav,1
PAEP-000731.wav,0
PAEP-000732.wav,2
PAEP-000733.wav,2
PAEP-000734.wav,2
PAEP-000735.wav,5
PAEP-000736.wav,4
PAEP-000737.wav,1
PAEP-000738.wav,0
PAEP-000739.wav,2
PAEP-000740.wav,3
PAEP-000741.wav,5
PAEP-000742.wav,4
PAEP-000743.wav,1
PAEP-000744.wav,0
PAEP-000745.wav,2
PAEP-000746.wav,3
PAEP-000747.wav,5
PAEP-000748.wav,4
PAEP-000749.wav,1
PAEP-000750.wav,0
PAEP-000751.wav,3
PAEP-000752.wav,5
PAEP-000753.wav,4
PAEP-000754.wav,1
PAEP-000755.wav,0
PAEP-000756.wav,2
PAEP-000757.wav,3
PAEP-000758.wav,5
PAEP-000759.wav,4
PAEP-000760.wav,1
PAEP-000761.wav,0
PAEP-000762.wav,2
PAEP-000763.wav,3
PAEP-000764.wav,5
PAEP-000765.wav,4
PAEP-000766.wav,1
PAEP-000767.wav,2
PAEP-000768.wav,3
PAEP-000769.wav,5
PAEP-000770.wav,4
PAEP-000771.wav,1
PAEP-000772.wav,0
PAEP-000773.wav,2
PAEP-000774.wav,3
PAEP-000775.wav,5
PAEP-000776.wav,4
PAEP-000777.wav,1
PAEP-000778.wav,0
PAEP-000779.wav,2
PAEP-000780.wav,3
PAEP-000781.wav,5
PAEP-000782.wav,4
PAEP-000783.wav,0
PAEP-000784.wav,2
PAEP-000785.wav,3
PAEP-000786.wav,5
PAEP-000787.wav,4
PAEP-000788.wav,1
PAEP-000789.wav,0
PAEP-000790.wav,2
PAEP-000791.wav,3
PAEP-000792.wav,5
PAEP-000793.wav,4
PAEP-000794.wav,1
PAEP-000795.wav,0
PAEP-000796.wav,2
PAEP-000797.wav,3
PAEP-000798.wav,3
PAEP-000799.wav,5
PAEP-000800.wav,5
PAEP-000801.wav,5
PAEP-000802.wav,4
PAEP-000803.wav,4
PAEP-000804.wav,4
PAEP-000805.wav,1
PAEP-000806.wav,1
PAEP-000807.wav,1
PAEP-000808.wav,0
PAEP-000809.wav,2
PAEP-000810.wav,2
PAEP-000811.wav,2
PAEP-000812.wav,3
PAEP-000813.wav,5
PAEP-000814.wav,4
PAEP-000815.wav,2
PAEP-000816.wav,0
PAEP-000817.wav,2
PAEP-000818.wav,0
PAEP-000819.wav,1
PAEP-000820.wav,4
PAEP-000821.wav,4
PAEP-000822.wav,4
PAEP-000823.wav,5
PAEP-000824.wav,3
PAEP-000825.wav,2
PAEP-000826.wav,3
PAEP-000827.wav,2
PAEP-000828.wav,0
PAEP-000829.wav,1
PAEP-000830.wav,0
PAEP-000831.wav,2
PAEP-000832.wav,3
PAEP-000833.wav,5
PAEP-000834.wav,4
PAEP-000835.wav,1
PAEP-000836.wav,0
PAEP-000837.wav,2
PAEP-000838.wav,3
PAEP-000839.wav,5
PAEP-000840.wav,4
PAEP-000841.wav,1
PAEP-000842.wav,0
PAEP-000843.wav,2
PAEP-000844.wav,3
PAEP-000845.wav,5
PAEP-000846.wav,1
PAEP-000847.wav,0
PAEP-000848.wav,2
PAEP-000849.wav,3
PAEP-000850.wav,5
PAEP-000851.wav,4
PAEP-000852.wav,1
PAEP-000853.wav,0
PAEP-000854.wav,2
PAEP-000855.wav,3
PAEP-000856.wav,5
PAEP-000857.wav,4
PAEP-000858.wav,1
PAEP-000859.wav,0
PAEP-000860.wav,2
PAEP-000861.wav,3
PAEP-000862.wav,4
PAEP-000863.wav,1
PAEP-000864.wav,0
PAEP-000865.wav,2
PAEP-000866.wav,3
PAEP-000867.wav,5
PAEP-000868.wav,4
PAEP-000869.wav,1
PAEP-000870.wav,0
PAEP-000871.wav,2
PAEP-000872.wav,3
PAEP-000873.wav,5
PAEP-000874.wav,4
PAEP-000875.wav,1
PAEP-000876.wav,0
PAEP-000877.wav,2
PAEP-000878.wav,5
PAEP-000879.wav,4
PAEP-000880.wav,1
PAEP-000881.wav,0
PAEP-000882.wav,2
PAEP-000883.wav,3
PAEP-000884.wav,5
PAEP-000885.wav,4
PAEP-000886.wav,1
PAEP-000887.wav,0
PAEP-000888.wav,2
PAEP-000889.wav,3
PAEP-000890.wav,3
PAEP-000891.wav,3
PAEP-000892.wav,5
PAEP-000893.wav,5
PAEP-000894.wav,4
PAEP-000895.wav,4
PAEP-000896.wav,4
PAEP-000897.wav,1
PAEP-000898.wav,1
PAEP-000899.wav,1
PAEP-000900.wav,0
PAEP-000901.wav,2
PAEP-000902.wav,2
PAEP-000903.wav,2
PAEP-000904.wav,3
PAEP-000905.wav,5
PAEP-000906.wav,4
PAEP-000907.wav,1
PAEP-000908.wav,0
PAEP-000909.wav,2
PAEP-000910.wav,5
PAEP-000911.wav,4
PAEP-000912.wav,1
PAEP-000913.wav,0
PAEP-000914.wav,2
PAEP-000915.wav,3
PAEP-000916.wav,5
PAEP-000917.wav,4
PAEP-000918.wav,1
PAEP-000919.wav,0
PAEP-000920.wav,2
PAEP-000921.wav,3
PAEP-000922.wav,5
PAEP-000923.wav,4
PAEP-000924.wav,1
PAEP-000925.wav,0
PAEP-000926.wav,3
PAEP-000927.wav,5
PAEP-000928.wav,4
PAEP-000929.wav,1
PAEP-000930.wav,0
PAEP-000931.wav,2
PAEP-000932.wav,3
PAEP-000933.wav,5
PAEP-000934.wav,4
PAEP-000935.wav,1
PAEP-000936.wav,0
PAEP-000937.wav,2
PAEP-000938.wav,3
PAEP-000939.wav,5
PAEP-000940.wav,4
PAEP-000941.wav,1
PAEP-000942.wav,2
PAEP-000943.wav,3
PAEP-000944.wav,5
PAEP-000945.wav,4
PAEP-000946.wav,1
PAEP-000947.wav,0
PAEP-000948.wav,2
PAEP-000949.wav,3
PAEP-000950.wav,5
PAEP-000951.wav,4
PAEP-000952.wav,1
PAEP-000953.wav,0
PAEP-000954.wav,2
PAEP-000955.wav,3
PAEP-000956.wav,5
PAEP-000957.wav,4
PAEP-000958.wav,0
PAEP-000959.wav,2
PAEP-000960.wav,3
PAEP-000961.wav,5
PAEP-000962.wav,4
PAEP-000963.wav,1
PAEP-000964.wav,0
PAEP-000965.wav,2
PAEP-000966.wav,3
PAEP-000967.wav,3
PAEP-000968.wav,3
PAEP-000969.wav,5
PAEP-000970.wav,5
PAEP-000971.wav,5
PAEP-000972.wav,4
PAEP-000973.wav,4
PAEP-000974.wav,1
PAEP-000975.wav,1
PAEP-000976.wav,1
PAEP-000977.wav,0
PAEP-000978.wav,2
PAEP-000979.wav,2
PAEP-000980.wav,2
PAEP-000981.wav,3
PAEP-000982.wav,5
PAEP-000983.wav,4
PAEP-000984.wav,1
PAEP-000985.wav,0
PAEP-000986.wav,2
PAEP-000987.wav,3
PAEP-000988.wav,5
PAEP-000989.wav,4
PAEP-000990.wav,0
PAEP-000991.wav,2
PAEP-000992.wav,3
PAEP-000993.wav,5
PAEP-000994.wav,4
PAEP-000995.wav,1
PAEP-000996.wav,0
PAEP-000997.wav,2
PAEP-000998.wav,3
PAEP-000999.wav,5
PAEP-001000.wav,4
PAEP-001001.wav,1
PAEP-001002.wav,0
PAEP-001003.wav,2
PAEP-001004.wav,3
PAEP-001005.wav,5
PAEP-001006.wav,1
PAEP-001007.wav,0
PAEP-001008.wav,2
PAEP-001009.wav,3
PAEP-001010.wav,5
PAEP-001011.wav,4
PAEP-001012.wav,1
PAEP-001013.wav,0
PAEP-001014.wav,2
PAEP-001015.wav,3
PAEP-001016.wav,5
PAEP-001017.wav,4
PAEP-001018.wav,1
PAEP-001019.wav,0
PAEP-001020.wav,2
PAEP-001021.wav,3
PAEP-001022.wav,4
PAEP-001023.wav,1
PAEP-001024.wav,0
PAEP-001025.wav,2
PAEP-001026.wav,3
PAEP-001027.wav,5
PAEP-001028.wav,4
PAEP-001029.wav,1
PAEP-001030.wav,0
PAEP-001031.wav,2
PAEP-001032.wav,3
PAEP-001033.wav,5
PAEP-001034.wav,4
PAEP-001035.wav,1
PAEP-001036.wav,0
PAEP-001037.wav,2
PAEP-001038.wav,5
PAEP-001039.wav,4
PAEP-001040.wav,1
PAEP-001041.wav,0
PAEP-001042.wav,2
PAEP-001043.wav,3
PAEP-001044.wav,3
PAEP-001045.wav,3
PAEP-001046.wav,5
PAEP-001047.wav,5
PAEP-001048.wav,5
PAEP-001049.wav,4
PAEP-001050.wav,4
PAEP-001051.wav,4
PAEP-001052.wav,1
PAEP-001053.wav,1
PAEP-001054.wav,0
PAEP-001055.wav,2
PAEP-001056.wav,2
PAEP-001057.wav,2
PAEP-001058.wav,3
PAEP-001059.wav,5
PAEP-001060.wav,4
PAEP-001061.wav,1
PAEP-001062.wav,0
PAEP-001063.wav,2
PAEP-001064.wav,3
PAEP-001065.wav,5
PAEP-001066.wav,4
PAEP-001067.wav,1
PAEP-001068.wav,0
PAEP-001069.wav,2
PAEP-001070.wav,5
PAEP-001071.wav,4
PAEP-001072.wav,1
PAEP-001073.wav,0
PAEP-001074.wav,2
PAEP-001075.wav,3
PAEP-001076.wav,5
PAEP-001077.wav,4
PAEP-001078.wav,1
PAEP-001079.wav,0
PAEP-001080.wav,2
PAEP-001081.wav,3
PAEP-001082.wav,5
PAEP-001083.wav,4
PAEP-001084.wav,1
PAEP-001085.wav,0
PAEP-001086.wav,1
PAEP-001087.wav,4
PAEP-001088.wav,5
PAEP-001089.wav,3
PAEP-001090.wav,5
PAEP-001091.wav,3
PAEP-001092.wav,2
PAEP-001093.wav,0
PAEP-001094.wav,1
PAEP-001095.wav,4
PAEP-001096.wav,1
PAEP-001097.wav,4
PAEP-001098.wav,5
PAEP-001099.wav,3
PAEP-001100.wav,1
PAEP-001101.wav,0
PAEP-001102.wav,3
PAEP-001103.wav,3
PAEP-001104.wav,3
PAEP-001105.wav,4
PAEP-001106.wav,5
PAEP-001107.wav,4
PAEP-001108.wav,0
PAEP-001109.wav,3
PAEP-001110.wav,0
PAEP-001111.wav,3
PAEP-001112.wav,4
PAEP-001113.wav,3
PAEP-001114.wav,4
PAEP-001115.wav,0
PAEP-001116.wav,4
PAEP-001117.wav,0
PAEP-001118.wav,3
PAEP-001119.wav,2
PAEP-001120.wav,3
PAEP-001121.wav,5
PAEP-001122.wav,4
PAEP-001123.wav,1
PAEP-001124.wav,0
PAEP-001125.wav,2
PAEP-001126.wav,3
PAEP-001127.wav,5
PAEP-001128.wav,4
PAEP-001129.wav,1
PAEP-001130.wav,0
PAEP-001131.wav,2
PAEP-001132.wav,3
PAEP-001133.wav,5
PAEP-001134.wav,4
PAEP-001135.wav,1
PAEP-001136.wav,2
PAEP-001137.wav,3
PAEP-001138.wav,5
PAEP-001139.wav,4
PAEP-001140.wav,1
PAEP-001141.wav,0
PAEP-001142.wav,2
PAEP-001143.wav,3
PAEP-001144.wav,5
PAEP-001145.wav,4
PAEP-001146.wav,1
PAEP-001147.wav,0
PAEP-001148.wav,2
PAEP-001149.wav,3
PAEP-001150.wav,5
PAEP-001151.wav,4
PAEP-001152.wav,0
PAEP-001153.wav,2
PAEP-001154.wav,3
PAEP-001155.wav,3
PAEP-001156.wav,3
PAEP-001157.wav,5
PAEP-001158.wav,5
PAEP-001159.wav,5
PAEP-001160.wav,4
PAEP-001161.wav,4
PAEP-001162.wav,4
PAEP-001163.wav,1
PAEP-001164.wav,1
PAEP-001165.wav,1
PAEP-001166.wav,0
PAEP-001167.wav,2
PAEP-001168.wav,2
PAEP-001169.wav,3
PAEP-001170.wav,5
PAEP-001171.wav,4
PAEP-001172.wav,1
PAEP-001173.wav,0
PAEP-001174.wav,2
PAEP-001175.wav,3
PAEP-001176.wav,5
PAEP-001177.wav,4
PAEP-001178.wav,1
PAEP-001179.wav,0
PAEP-001180.wav,2
PAEP-001181.wav,3
PAEP-001182.wav,5
PAEP-001183.wav,4
PAEP-001184.wav,0
PAEP-001185.wav,2
PAEP-001186.wav,3
PAEP-001187.wav,5
PAEP-001188.wav,4
PAEP-001189.wav,1
PAEP-001190.wav,0
PAEP-001191.wav,2
PAEP-001192.wav,3
PAEP-001193.wav,5
PAEP-001194.wav,4
PAEP-001195.wav,1
PAEP-001196.wav,0
PAEP-001197.wav,2
PAEP-001198.wav,3
PAEP-001199.wav,5
PAEP-001200.wav,1
PAEP-001201.wav,0
PAEP-001202.wav,2
PAEP-001203.wav,3
PAEP-001204.wav,5
PAEP-001205.wav,4
PAEP-001206.wav,1
PAEP-001207.wav,0
PAEP-001208.wav,2
PAEP-001209.wav,3
PAEP-001210.wav,5
PAEP-001211.wav,4
PAEP-001212.wav,1
PAEP-001213.wav,0
PAEP-001214.wav,2
PAEP-001215.wav,3
PAEP-001216.wav,4
PAEP-001217.wav,1
PAEP-001218.wav,0
PAEP-001219.wav,2
PAEP-001220.wav,3
PAEP-001221.wav,5
PAEP-001222.wav,4
PAEP-001223.wav,1
PAEP-001224.wav,0
PAEP-001225.wav,2
PAEP-001226.wav,3
PAEP-001227.wav,5
PAEP-001228.wav,4
PAEP-001229.wav,1
PAEP-001230.wav,0
PAEP-001231.wav,2
PAEP-001232.wav,3
PAEP-001233.wav,3
PAEP-001234.wav,5
PAEP-001235.wav,5
PAEP-001236.wav,5
PAEP-001237.wav,4
PAEP-001238.wav,4
PAEP-001239.wav,4
PAEP-001240.wav,1
PAEP-001241.wav,1
PAEP-001242.wav,1
PAEP-001243.wav,0
PAEP-001244.wav,2
PAEP-001245.wav,2
PAEP-001246.wav,2
PAEP-001247.wav,3
PAEP-001248.wav,4
PAEP-001249.wav,1
PAEP-001250.wav,0
PAEP-001251.wav,2
PAEP-001252.wav,3
PAEP-001253.wav,5
PAEP-001254.wav,4
PAEP-001255.wav,1
PAEP-001256.wav,0
PAEP-001257.wav,2
PAEP-001258.wav,3
PAEP-001259.wav,5
PAEP-001260.wav,4
PAEP-001261.wav,1
PAEP-001262.wav,0
PAEP-001263.wav,2
PAEP-001264.wav,5
PAEP-001265.wav,4
PAEP-001266.wav,1
PAEP-001267.wav,0
PAEP-001268.wav,2
PAEP-001269.wav,3
PAEP-001270.wav,5
PAEP-001271.wav,4
PAEP-001272.wav,1
PAEP-001273.wav,0
PAEP-001274.wav,2
PAEP-001275.wav,3
PAEP-001276.wav,5
PAEP-001277.wav,4
PAEP-001278.wav,1
PAEP-001279.wav,0
PAEP-001280.wav,3
PAEP-001281.wav,5
PAEP-001282.wav,4
PAEP-001283.wav,1
PAEP-001284.wav,0
PAEP-001285.wav,2
PAEP-001286.wav,3
PAEP-001287.wav,5
PAEP-001288.wav,4
PAEP-001289.wav,1
PAEP-001290.wav,0
PAEP-001291.wav,2
PAEP-001292.wav,3
PAEP-001293.wav,5
PAEP-001294.wav,4
PAEP-001295.wav,1
PAEP-001296.wav,2
PAEP-001297.wav,3
PAEP-001298.wav,5
PAEP-001299.wav,4
PAEP-001300.wav,1
PAEP-001301.wav,0
PAEP-001302.wav,2
PAEP-001303.wav,3
PAEP-001304.wav,5
PAEP-001305.wav,4
PAEP-001306.wav,1
PAEP-001307.wav,0
PAEP-001308.wav,2
PAEP-001309.wav,3
PAEP-001310.wav,3
PAEP-001311.wav,3
PAEP-001312.wav,5
PAEP-001313.wav,5
PAEP-001314.wav,4
PAEP-001315.wav,4
PAEP-001316.wav,4
PAEP-001317.wav,1
PAEP-001318.wav,1
PAEP-001319.wav,1
PAEP-001320.wav,0
PAEP-001321.wav,2
PAEP-001322.wav,2
PAEP-001323.wav,2
PAEP-001324.wav,3
PAEP-001325.wav,5
PAEP-001326.wav,4
PAEP-001327.wav,1
PAEP-001328.wav,2
PAEP-001329.wav,3
PAEP-001330.wav,5
PAEP-001331.wav,4
PAEP-001332.wav,1
PAEP-001333.wav,0
PAEP-001334.wav,2
PAEP-001335.wav,3
PAEP-001336.wav,5
PAEP-001337.wav,4
PAEP-001338.wav,1
PAEP-001339.wav,0
PAEP-001340.wav,2
PAEP-001341.wav,3
PAEP-001342.wav,5
PAEP-001343.wav,4
PAEP-001344.wav,0
PAEP-001345.wav,2
PAEP-001346.wav,3
PAEP-001347.wav,5
PAEP-001348.wav,4
PAEP-001349.wav,1
PAEP-001350.wav,0
PAEP-001351.wav,2
PAEP-001352.wav,3
PAEP-001353.wav,5
PAEP-001354.wav,4
PAEP-001355.wav,1
PAEP-001356.wav,0
PAEP-001357.wav,2
PAEP-001358.wav,3
PAEP-001359.wav,5
PAEP-001360.wav,1
PAEP-001361.wav,0
PAEP-001362.wav,2
PAEP-001363.wav,3
PAEP-001364.wav,5
PAEP-001365.wav,4
PAEP-001366.wav,1
PAEP-001367.wav,0
PAEP-001368.wav,2
PAEP-001369.wav,3
PAEP-001370.wav,5
PAEP-001371.wav,4
PAEP-001372.wav,1
PAEP-001373.wav,0
PAEP-001374.wav,2
PAEP-001375.wav,3
PAEP-001376.wav,2
PAEP-001377.wav,0
PAEP-001378.wav,1
PAEP-001379.wav,2
PAEP-001380.wav,1
PAEP-001381.wav,4
PAEP-001382.wav,5
PAEP-001383.wav,3
PAEP-001384.wav,5
PAEP-001385.wav,3
PAEP-001386.wav,2
PAEP-001387.wav,0
PAEP-001388.wav,5
PAEP-001389.wav,0
PAEP-001390.wav,1
PAEP-001391.wav,4
PAEP-001392.wav,1
PAEP-001393.wav,0
PAEP-001394.wav,2
PAEP-001395.wav,3
PAEP-001396.wav,5
PAEP-001397.wav,4
PAEP-001398.wav,1
PAEP-001399.wav,0
PAEP-001400.wav,2
PAEP-001401.wav,3
PAEP-001402.wav,3
PAEP-001403.wav,3
PAEP-001404.wav,5
PAEP-001405.wav,5
PAEP-001406.wav,5
PAEP-001407.wav,4
PAEP-001408.wav,4
PAEP-001409.wav,1
PAEP-001410.wav,1
PAEP-001411.wav,1
PAEP-001412.wav,0
PAEP-001413.wav,2
PAEP-001414.wav,2
PAEP-001415.wav,2
PAEP-001416.wav,3
PAEP-001417.wav,5
PAEP-001418.wav,4
PAEP-001419.wav,1
PAEP-001420.wav,0
PAEP-001421.wav,2
PAEP-001422.wav,3
PAEP-001423.wav,4
PAEP-001424.wav,1
PAEP-001425.wav,0
PAEP-001426.wav,2
PAEP-001427.wav,3
PAEP-001428.wav,5
PAEP-001429.wav,4
PAEP-001430.wav,1
PAEP-001431.wav,0
PAEP-001432.wav,2
PAEP-001433.wav,3
PAEP-001434.wav,5
PAEP-001435.wav,4
PAEP-001436.wav,1
PAEP-001437.wav,0
PAEP-001438.wav,2
PAEP-001439.wav,5
PAEP-001440.wav,4
PAEP-001441.wav,1
PAEP-001442.wav,0
PAEP-001443.wav,2
PAEP-001444.wav,3
PAEP-001445.wav,5
PAEP-001446.wav,4
PAEP-001447.wav,1
PAEP-001448.wav,0
PAEP-001449.wav,2
PAEP-001450.wav,3
PAEP-001451.wav,5
PAEP-001452.wav,4
PAEP-001453.wav,1
PAEP-001454.wav,0
PAEP-001455.wav,3
PAEP-001456.wav,5
PAEP-001457.wav,4
PAEP-001458.wav,1
PAEP-001459.wav,0
PAEP-001460.wav,2
PAEP-001461.wav,3
PAEP-001462.wav,5
PAEP-001463.wav,4
PAEP-001464.wav,1
PAEP-001465.wav,0
PAEP-001466.wav,2
PAEP-001467.wav,3
PAEP-001468.wav,5
PAEP-001469.wav,4
PAEP-001470.wav,1
PAEP-001471.wav,2
PAEP-001472.wav,3
PAEP-001473.wav,5
PAEP-001474.wav,4
PAEP-001475.wav,1
PAEP-001476.wav,0
PAEP-001477.wav,2
PAEP-001478.wav,3
PAEP-001479.wav,3
PAEP-001480.wav,3
PAEP-001481.wav,5
PAEP-001482.wav,5
PAEP-001483.wav,5
PAEP-001484.wav,4
PAEP-001485.wav,4
PAEP-001486.wav,4
PAEP-001487.wav,1
PAEP-001488.wav,1
PAEP-001489.wav,0
PAEP-001490.wav,2
PAEP-001491.wav,2
PAEP-001492.wav,2
PAEP-001493.wav,3
PAEP-001494.wav,5
PAEP-001495.wav,4
PAEP-001496.wav,1
PAEP-001497.wav,0
PAEP-001498.wav,2
PAEP-001499.wav,3
PAEP-001500.wav,5
PAEP-001501.wav,4
PAEP-001502.wav,1
PAEP-001503.wav,2
PAEP-001504.wav,3
PAEP-001505.wav,5
PAEP-001506.wav,4
PAEP-001507.wav,1
PAEP-001508.wav,0
PAEP-001509.wav,2
PAEP-001510.wav,3
PAEP-001511.wav,5
PAEP-001512.wav,4
PAEP-001513.wav,1
PAEP-001514.wav,0
PAEP-001515.wav,2
PAEP-001516.wav,3
PAEP-001517.wav,5
PAEP-001518.wav,4
PAEP-001519.wav,0
PAEP-001520.wav,2
PAEP-001521.wav,3
PAEP-001522.wav,5
PAEP-001523.wav,4
PAEP-001524.wav,1
PAEP-001525.wav,0
PAEP-001526.wav,2
PAEP-001527.wav,3
PAEP-001528.wav,5
PAEP-001529.wav,4
PAEP-001530.wav,1
PAEP-001531.wav,0
PAEP-001532.wav,2
PAEP-001533.wav,3
PAEP-001534.wav,5
PAEP-001535.wav,1
PAEP-001536.wav,0
PAEP-001537.wav,2
PAEP-001538.wav,3
PAEP-001539.wav,5
PAEP-001540.wav,4
PAEP-001541.wav,1
PAEP-001542.wav,0
PAEP-001543.wav,2
PAEP-001544.wav,3
PAEP-001545.wav,5
PAEP-001546.wav,4
PAEP-001547.wav,1
PAEP-001548.wav,0
PAEP-001549.wav,2
PAEP-001550.wav,3
PAEP-001551.wav,3
PAEP-001552.wav,5
PAEP-001553.wav,5
PAEP-001554.wav,5
PAEP-001555.wav,4
PAEP-001556.wav,4
PAEP-001557.wav,4
PAEP-001558.wav,1
PAEP-001559.wav,1
PAEP-001560.wav,1
PAEP-001561.wav,0
PAEP-001562.wav,2
PAEP-001563.wav,2
PAEP-001564.wav,2
PAEP-001565.wav,3
PAEP-001566.wav,5
PAEP-001567.wav,1
PAEP-001568.wav,0
PAEP-001569.wav,2
PAEP-001570.wav,3
PAEP-001571.wav,5
PAEP-001572.wav,4
PAEP-001573.wav,1
PAEP-001574.wav,0
PAEP-001575.wav,2
PAEP-001576.wav,3
PAEP-001577.wav,5
PAEP-001578.wav,4
PAEP-001579.wav,1
PAEP-001580.wav,0
PAEP-001581.wav,2
PAEP-001582.wav,3
PAEP-001583.wav,4
PAEP-001584.wav,1
PAEP-001585.wav,0
PAEP-001586.wav,2
PAEP-001587.wav,3
PAEP-001588.wav,5
PAEP-001589.wav,4
PAEP-001590.wav,1
PAEP-001591.wav,0
PAEP-001592.wav,2
PAEP-001593.wav,3
PAEP-001594.wav,5
PAEP-001595.wav,4
PAEP-001596.wav,1
PAEP-001597.wav,0
PAEP-001598.wav,2
PAEP-001599.wav,5
PAEP-001600.wav,4
PAEP-001601.wav,1
PAEP-001602.wav,0
PAEP-001603.wav,2
PAEP-001604.wav,3
PAEP-001605.wav,5
PAEP-001606.wav,4
PAEP-001607.wav,1
PAEP-001608.wav,0
PAEP-001609.wav,2
PAEP-001610.wav,3
PAEP-001611.wav,5
PAEP-001612.wav,4
PAEP-001613.wav,1
PAEP-001614.wav,0
PAEP-001615.wav,3
PAEP-001616.wav,5
PAEP-001617.wav,4
PAEP-001618.wav,1
PAEP-001619.wav,0
PAEP-001620.wav,2
PAEP-001621.wav,3
PAEP-001622.wav,5
PAEP-001623.wav,4
PAEP-001624.wav,1
PAEP-001625.wav,0
PAEP-001626.wav,2
PAEP-001627.wav,3
PAEP-001628.wav,3
PAEP-001629.wav,3
PAEP-001630.wav,5
PAEP-001631.wav,5
PAEP-001632.wav,4
PAEP-001633.wav,4
PAEP-001634.wav,4
PAEP-001635.wav,1
PAEP-001636.wav,1
PAEP-001637.wav,1
PAEP-001638.wav,0
PAEP-001639.wav,2
PAEP-001640.wav,2
PAEP-001641.wav,2
PAEP-001642.wav,3
PAEP-001643.wav,5
PAEP-001644.wav,4
PAEP-001645.wav,1
PAEP-001646.wav,0
PAEP-001647.wav,5
PAEP-001648.wav,4
PAEP-001649.wav,5
PAEP-001650.wav,3
PAEP-001651.wav,2
PAEP-001652.wav,0
PAEP-001653.wav,1
PAEP-001654.wav,0
PAEP-001655.wav,1
PAEP-001656.wav,4
PAEP-001657.wav,3
PAEP-001658.wav,4
PAEP-001659.wav,5
PAEP-001660.wav,3
PAEP-001661.wav,2
PAEP-001662.wav,3
PAEP-001663.wav,5
PAEP-001664.wav,4
PAEP-001665.wav,1
PAEP-001666.wav,0
PAEP-001667.wav,2
PAEP-001668.wav,3
PAEP-001669.wav,5
PAEP-001670.wav,4
PAEP-001671.wav,1
PAEP-001672.wav,0
PAEP-001673.wav,2
PAEP-001674.wav,3
PAEP-001675.wav,5
PAEP-001676.wav,4
PAEP-001677.wav,1
PAEP-001678.wav,2
PAEP-001679.wav,3
PAEP-001680.wav,5
PAEP-001681.wav,4
PAEP-001682.wav,1
PAEP-001683.wav,0
PAEP-001684.wav,2
PAEP-001685.wav,3
PAEP-001686.wav,5
PAEP-001687.wav,4
PAEP-001688.wav,1
PAEP-001689.wav,0
PAEP-001690.wav,2
PAEP-001691.wav,3
PAEP-001692.wav,5
PAEP-001693.wav,4
PAEP-001694.wav,0
PAEP-001695.wav,2
PAEP-001696.wav,3
PAEP-001697.wav,5
PAEP-001698.wav,4
PAEP-001699.wav,1
PAEP-001700.wav,0
PAEP-001701.wav,2
PAEP-001702.wav,3
PAEP-001703.wav,5
PAEP-001704.wav,4
PAEP-001705.wav,1
PAEP-001706.wav,0
PAEP-001707.wav,2
PAEP-001708.wav,3
PAEP-001709.wav,5
PAEP-001710.wav,1
PAEP-001711.wav,0
PAEP-001712.wav,2
PAEP-001713.wav,3
PAEP-001714.wav,5
PAEP-001715.wav,4
PAEP-001716.wav,1
PAEP-001717.wav,0
PAEP-001718.wav,2
PAEP-001719.wav,3
PAEP-001720.wav,3
PAEP-001721.wav,3
PAEP-001722.wav,5
PAEP-001723.wav,5
PAEP-001724.wav,5
PAEP-001725.wav,4
PAEP-001726.wav,4
PAEP-001727.wav,1
PAEP-001728.wav,1
PAEP-001729.wav,1
PAEP-001730.wav,0
PAEP-001731.wav,2
PAEP-001732.wav,2
PAEP-001733.wav,2
PAEP-001734.wav,3
PAEP-001735.wav,5
PAEP-001736.wav,4
PAEP-001737.wav,1
PAEP-001738.wav,0
PAEP-001739.wav,2
PAEP-001740.wav,3
PAEP-001741.wav,5
PAEP-001742.wav,1
PAEP-001743.wav,0
PAEP-001744.wav,2
PAEP-001745.wav,3
PAEP-001746.wav,5
PAEP-001747.wav,4
PAEP-001748.wav,1
PAEP-001749.wav,0
PAEP-001750.wav,2
PAEP-001751.wav,3
PAEP-001752.wav,5
PAEP-001753.wav,4
PAEP-001754.wav,1
PAEP-001755.wav,0
PAEP-001756.wav,2
PAEP-001757.wav,3
PAEP-001758.wav,4
PAEP-001759.wav,1
PAEP-001760.wav,0
PAEP-001761.wav,2
PAEP-001762.wav,3
PAEP-001763.wav,5
PAEP-001764.wav,4
PAEP-001765.wav,1
PAEP-001766.wav,0
PAEP-001767.wav,2
PAEP-001768.wav,3
PAEP-001769.wav,5
PAEP-001770.wav,4
PAEP-001771.wav,1
PAEP-001772.wav,0
PAEP-001773.wav,2
PAEP-001774.wav,5
PAEP-001775.wav,4
PAEP-001776.wav,1
PAEP-001777.wav,0
PAEP-001778.wav,2
PAEP-001779.wav,3
PAEP-001780.wav,5
PAEP-001781.wav,4
PAEP-001782.wav,1
PAEP-001783.wav,0
PAEP-001784.wav,2
PAEP-001785.wav,3
PAEP-001786.wav,5
PAEP-001787.wav,4
PAEP-001788.wav,1
PAEP-001789.wav,0
PAEP-001790.wav,3
PAEP-001791.wav,5
PAEP-001792.wav,4
PAEP-001793.wav,1
PAEP-001794.wav,0
PAEP-001795.wav,2
PAEP-001796.wav,3
PAEP-001797.wav,3
PAEP-001798.wav,3
PAEP-001799.wav,5
PAEP-001800.wav,5
PAEP-001801.wav,5
PAEP-001802.wav,4
PAEP-001803.wav,4
PAEP-001804.wav,4
PAEP-001805.wav,1
PAEP-001806.wav,1
PAEP-001807.wav,0
PAEP-001808.wav,2
PAEP-001809.wav,2
PAEP-001810.wav,2
PAEP-001811.wav,3
PAEP-001812.wav,5
PAEP-001813.wav,4
PAEP-001814.wav,1
PAEP-001815.wav,0
PAEP-001816.wav,2
PAEP-001817.wav,3
PAEP-001818.wav,5
PAEP-001819.wav,4
PAEP-001820.wav,1
PAEP-001821.wav,0
PAEP-001822.wav,3
PAEP-001823.wav,5
PAEP-001824.wav,4
PAEP-001825.wav,1
PAEP-001826.wav,0
PAEP-001827.wav,2
PAEP-001828.wav,3
PAEP-001829.wav,5
PAEP-001830.wav,4
PAEP-001831.wav,1
PAEP-001832.wav,0
PAEP-001833.wav,2
PAEP-001834.wav,3
PAEP-001835.wav,5
PAEP-001836.wav,4
PAEP-001837.wav,1
PAEP-001838.wav,2
PAEP-001839.wav,3
PAEP-001840.wav,5
PAEP-001841.wav,4
PAEP-001842.wav,1
PAEP-001843.wav,0
PAEP-001844.wav,2
PAEP-001845.wav,3
PAEP-001846.wav,5
PAEP-001847.wav,4
PAEP-001848.wav,1
PAEP-001849.wav,0
PAEP-001850.wav,2
PAEP-001851.wav,3
PAEP-001852.wav,5
PAEP-001853.wav,4
PAEP-001854.wav,0
PAEP-001855.wav,2
PAEP-001856.wav,3
PAEP-001857.wav,5
PAEP-001858.wav,4
PAEP-001859.wav,1
PAEP-001860.wav,0
PAEP-001861.wav,2
PAEP-001862.wav,3
PAEP-001863.wav,5
PAEP-001864.wav,4
PAEP-001865.wav,1
PAEP-001866.wav,0
PAEP-001867.wav,2
PAEP-001868.wav,3
PAEP-001869.wav,5
PAEP-001870.wav,1
PAEP-001871.wav,0
PAEP-001872.wav,2
PAEP-001873.wav,3
PAEP-001874.wav,3
PAEP-001875.wav,3
PAEP-001876.wav,5
PAEP-001877.wav,5
PAEP-001878.wav,5
PAEP-001879.wav,4
PAEP-001880.wav,4
PAEP-001881.wav,4
PAEP-001882.wav,1
PAEP-001883.wav,1
PAEP-001884.wav,1
PAEP-001885.wav,0
PAEP-001886.wav,2
PAEP-001887.wav,2
PAEP-001888.wav,3
PAEP-001889.wav,5
PAEP-001890.wav,4
PAEP-001891.wav,1
PAEP-001892.wav,0
PAEP-001893.wav,2
PAEP-001894.wav,3
PAEP-001895.wav,5
PAEP-001896.wav,4
PAEP-001897.wav,1
PAEP-001898.wav,0
PAEP-001899.wav,2
PAEP-001900.wav,3
PAEP-001901.wav,5
PAEP-001902.wav,1
PAEP-001903.wav,0
PAEP-001904.wav,2
PAEP-001905.wav,3
PAEP-001906.wav,5
PAEP-001907.wav,4
PAEP-001908.wav,1
PAEP-001909.wav,0
PAEP-001910.wav,2
PAEP-001911.wav,3
PAEP-001912.wav,5
PAEP-001913.wav,4
PAEP-001914.wav,1
PAEP-001915.wav,0
PAEP-001916.wav,2
PAEP-001917.wav,3
PAEP-001918.wav,2
PAEP-001919.wav,0
PAEP-001920.wav,1
PAEP-001921.wav,4
PAEP-001922.wav,4
PAEP-001923.wav,4
PAEP-001924.wav,5
PAEP-001925.wav,3
PAEP-001926.wav,2
PAEP-001927.wav,1
PAEP-001928.wav,2
PAEP-001929.wav,0
PAEP-001930.wav,1
PAEP-001931.wav,4
PAEP-001932.wav,2
PAEP-001933.wav,4
PAEP-001934.wav,1
PAEP-001935.wav,0
PAEP-001936.wav,2
PAEP-001937.wav,3
PAEP-001938.wav,5
PAEP-001939.wav,4
PAEP-001940.wav,1
PAEP-001941.wav,0
PAEP-001942.wav,2
PAEP-001943.wav,3
PAEP-001944.wav,5
PAEP-001945.wav,4
PAEP-001946.wav,1
PAEP-001947.wav,0
PAEP-001948.wav,2
PAEP-001949.wav,5
PAEP-001950.wav,4
PAEP-001951.wav,1
PAEP-001952.wav,0
PAEP-001953.wav,2
PAEP-001954.wav,3
PAEP-001955.wav,5
PAEP-001956.wav,4
PAEP-001957.wav,1
PAEP-001958.wav,0
PAEP-001959.wav,2
PAEP-001960.wav,3
PAEP-001961.wav,5
PAEP-001962.wav,4
PAEP-001963.wav,1
PAEP-001964.wav,0
PAEP-001965.wav,3
PAEP-001966.wav,3
PAEP-001967.wav,3
PAEP-001968.wav,5
PAEP-001969.wav,5
PAEP-001970.wav,5
PAEP-001971.wav,4
PAEP-001972.wav,4
PAEP-001973.wav,4
PAEP-001974.wav,1
PAEP-001975.wav,1
PAEP-001976.wav,1
PAEP-001977.wav,0
PAEP-001978.wav,2
PAEP-001979.wav,2
PAEP-001980.wav,2
PAEP-001981.wav,5
PAEP-001982.wav,4
PAEP-001983.wav,1
PAEP-001984.wav,0
PAEP-001985.wav,2
PAEP-001986.wav,3
PAEP-001987.wav,5
PAEP-001988.wav,4
PAEP-001989.wav,1
PAEP-001990.wav,0
PAEP-001991.wav,2
PAEP-001992.wav,3
PAEP-001993.wav,5
PAEP-001994.wav,4
PAEP-001995.wav,1
PAEP-001996.wav,0
PAEP-001997.wav,3
PAEP-001998.wav,5
PAEP-001999.wav,4
PAEP-002000.wav,1
PAEP-002001.wav,0
PAEP-002002.wav,2
PAEP-002003.wav,3
PAEP-002004.wav,5
PAEP-002005.wav,4
PAEP-002006.wav,1
PAEP-002007.wav,0
PAEP-002008.wav,2
PAEP-002009.wav,3
PAEP-002010.wav,5
PAEP-002011.wav,4
PAEP-002012.wav,1
PAEP-002013.wav,2
PAEP-002014.wav,3
PAEP-002015.wav,5
PAEP-002016.wav,4
PAEP-002017.wav,1
PAEP-002018.wav,0
PAEP-002019.wav,2
PAEP-002020.wav,3
PAEP-002021.wav,5
PAEP-002022.wav,4
PAEP-002023.wav,1
PAEP-002024.wav,0
PAEP-002025.wav,2
PAEP-002026.wav,3
PAEP-002027.wav,5
PAEP-002028.wav,4
PAEP-002029.wav,0
PAEP-002030.wav,2
PAEP-002031.wav,3
PAEP-002032.wav,5
PAEP-002033.wav,4
PAEP-002034.wav,1
PAEP-002035.wav,0
PAEP-002036.wav,2
PAEP-002037.wav,3
PAEP-002038.wav,5
PAEP-002039.wav,4
PAEP-002040.wav,1
PAEP-002041.wav,0
PAEP-002042.wav,2
PAEP-002043.wav,3
PAEP-002044.wav,3
PAEP-002045.wav,5
PAEP-002046.wav,5
PAEP-002047.wav,5
PAEP-002048.wav,4
PAEP-002049.wav,4
PAEP-002050.wav,4
PAEP-002051.wav,1
PAEP-002052.wav,1
PAEP-002053.wav,1
PAEP-002054.wav,0
PAEP-002055.wav,2
PAEP-002056.wav,2
PAEP-002057.wav,2
PAEP-002058.wav,3
PAEP-002059.wav,5
PAEP-002060.wav,4
PAEP-002061.wav,0
PAEP-002062.wav,2
PAEP-002063.wav,3
PAEP-002064.wav,5
PAEP-002065.wav,4
PAEP-002066.wav,1
PAEP-002067.wav,0
PAEP-002068.wav,2
PAEP-002069.wav,3
PAEP-002070.wav,5
PAEP-002071.wav,4
PAEP-002072.wav,1
PAEP-002073.wav,0
PAEP-002074.wav,2
PAEP-002075.wav,3
PAEP-002076.wav,5
PAEP-002077.wav,1
PAEP-002078.wav,0
PAEP-002079.wav,2
PAEP-002080.wav,3
PAEP-002081.wav,5
PAEP-002082.wav,4
PAEP-002083.wav,1
PAEP-002084.wav,0
PAEP-002085.wav,2
PAEP-002086.wav,3
PAEP-002087.wav,5
PAEP-002088.wav,4
PAEP-002089.wav,1
PAEP-002090.wav,0
PAEP-002091.wav,2
PAEP-002092.wav,3
PAEP-002093.wav,4
PAEP-002094.wav,1
PAEP-002095.wav,0
PAEP-002096.wav,2
PAEP-002097.wav,3
PAEP-002098.wav,5
PAEP-002099.wav,4
PAEP-002100.wav,1
PAEP-002101.wav,0
PAEP-002102.wav,2
PAEP-002103.wav,3
PAEP-002104.wav,5
PAEP-002105.wav,4
PAEP-002106.wav,1
PAEP-002107.wav,0
PAEP-002108.wav,2
PAEP-002109.wav,5
PAEP-002110.wav,4
PAEP-002111.wav,1
PAEP-002112.wav,0
PAEP-002113.wav,2
PAEP-002114.wav,3
PAEP-002115.wav,5
PAEP-002116.wav,4
PAEP-002117.wav,1
PAEP-002118.wav,0
PAEP-002119.wav,2
PAEP-002120.wav,3
PAEP-002121.wav,3
PAEP-002122.wav,3
PAEP-002123.wav,5
PAEP-002124.wav,5
PAEP-002125.wav,4
PAEP-002126.wav,4
PAEP-002127.wav,4
PAEP-002128.wav,1
PAEP-002129.wav,1
PAEP-002130.wav,1
PAEP-002131.wav,0
PAEP-002132.wav,2
PAEP-002133.wav,2
PAEP-002134.wav,2
PAEP-002135.wav,3
PAEP-002136.wav,5
PAEP-002137.wav,4
PAEP-002138.wav,1
PAEP-002139.wav,0
PAEP-002140.wav,2
PAEP-002141.wav,5
PAEP-002142.wav,4
PAEP-002143.wav,1
PAEP-002144.wav,0
PAEP-002145.wav,2
PAEP-002146.wav,3
PAEP-002147.wav,5
PAEP-002148.wav,4
PAEP-002149.wav,1
PAEP-002150.wav,0
PAEP-002151.wav,2
PAEP-002152.wav,3
PAEP-002153.wav,5
PAEP-002154.wav,4
PAEP-002155.wav,1
PAEP-002156.wav,0
PAEP-002157.wav,3
PAEP-002158.wav,5
PAEP-002159.wav,4
PAEP-002160.wav,1
PAEP-002161.wav,0
PAEP-002162.wav,2
PAEP-002163.wav,3
PAEP-002164.wav,5
PAEP-002165.wav,4
PAEP-002166.wav,1
PAEP-002167.wav,0
PAEP-002168.wav,2
PAEP-002169.wav,3
PAEP-002170.wav,5
PAEP-002171.wav,4
PAEP-002172.wav,1
PAEP-002173.wav,2
PAEP-002174.wav,3
PAEP-002175.wav,5
PAEP-002176.wav,4
PAEP-002177.wav,1
PAEP-002178.wav,0
PAEP-002179.wav,2
PAEP-002180.wav,3
PAEP-002181.wav,5
PAEP-002182.wav,4
PAEP-002183.wav,1
PAEP-002184.wav,0
PAEP-002185.wav,2
PAEP-002186.wav,3
PAEP-002187.wav,5
PAEP-002188.wav,4
PAEP-002189.wav,5
PAEP-002190.wav,3
PAEP-002191.wav,2
PAEP-002192.wav,3
PAEP-002193.wav,2
PAEP-002194.wav,0
PAEP-002195.wav,1
PAEP-002196.wav,3
PAEP-002197.wav,1
PAEP-002198.wav,4
PAEP-002199.wav,5
PAEP-002200.wav,3
PAEP-002201.wav,5
PAEP-002202.wav,3
PAEP-002203.wav,2
PAEP-002204.wav,0
PAEP-002205.wav,2
PAEP-002206.wav,3
PAEP-002207.wav,5
PAEP-002208.wav,4
PAEP-002209.wav,1
PAEP-002210.wav,0
PAEP-002211.wav,2
PAEP-002212.wav,3
PAEP-002213.wav,3
PAEP-002214.wav,3
PAEP-002215.wav,5
PAEP-002216.wav,5
PAEP-002217.wav,5
PAEP-002218.wav,4
PAEP-002219.wav,4
PAEP-002220.wav,1
PAEP-002221.wav,1
PAEP-002222.wav,1
PAEP-002223.wav,0
PAEP-002224.wav,2
PAEP-002225.wav,2
PAEP-002226.wav,2
PAEP-002227.wav,3
PAEP-002228.wav,5
PAEP-002229.wav,4
PAEP-002230.wav,1
PAEP-002231.wav,0
PAEP-002232.wav,2
PAEP-002233.wav,3
PAEP-002234.wav,5
PAEP-002235.wav,4
PAEP-002236.wav,0
PAEP-002237.wav,2
PAEP-002238.wav,3
PAEP-002239.wav,5
PAEP-002240.wav,4
PAEP-002241.wav,1
PAEP-002242.wav,0
PAEP-002243.wav,2
PAEP-002244.wav,3
PAEP-002245.wav,5
PAEP-002246.wav,4
PAEP-002247.wav,1
PAEP-002248.wav,0
PAEP-002249.wav,2
PAEP-002250.wav,3
PAEP-002251.wav,5
PAEP-002252.wav,1
PAEP-002253.wav,0
PAEP-002254.wav,2
PAEP-002255.wav,3
PAEP-002256.wav,5
PAEP-002257.wav,4
PAEP-002258.wav,1
PAEP-002259.wav,0
PAEP-002260.wav,2
PAEP-002261.wav,3
PAEP-002262.wav,5
PAEP-002263.wav,4
PAEP-002264.wav,1
PAEP-002265.wav,0
PAEP-002266.wav,2
PAEP-002267.wav,3
PAEP-002268.wav,4
PAEP-002269.wav,1
PAEP-002270.wav,0
PAEP-002271.wav,2
PAEP-002272.wav,3
PAEP-002273.wav,5
PAEP-002274.wav,4
PAEP-002275.wav,1
PAEP-002276.wav,0
PAEP-002277.wav,2
PAEP-002278.wav,3
PAEP-002279.wav,5
PAEP-002280.wav,4
PAEP-002281.wav,1
PAEP-002282.wav,0
PAEP-002283.wav,2
PAEP-002284.wav,5
PAEP-002285.wav,4
PAEP-002286.wav,1
PAEP-002287.wav,0
PAEP-002288.wav,2
PAEP-002289.wav,3
PAEP-002290.wav,3
PAEP-002291.wav,3
PAEP-002292.wav,5
PAEP-002293.wav,5
PAEP-002294.wav,5
PAEP-002295.wav,4
PAEP-002296.wav,4
PAEP-002297.wav,4
PAEP-002298.wav,1
PAEP-002299.wav,1
PAEP-002300.wav,0
PAEP-002301.wav,2
PAEP-002302.wav,2
PAEP-002303.wav,2
PAEP-002304.wav,3
PAEP-002305.wav,5
PAEP-002306.wav,4
PAEP-002307.wav,1
PAEP-002308.wav,0
PAEP-002309.wav,2
PAEP-002310.wav,3
PAEP-002311.wav,5
PAEP-002312.wav,4
PAEP-002313.wav,1
PAEP-002314.wav,0
PAEP-002315.wav,2
PAEP-002316.wav,5
PAEP-002317.wav,4
PAEP-002318.wav,1
PAEP-002319.wav,0
PAEP-002320.wav,2
PAEP-002321.wav,3
PAEP-002322.wav,5
PAEP-002323.wav,4
PAEP-002324.wav,1
PAEP-002325.wav,0
PAEP-002326.wav,2
PAEP-002327.wav,3
PAEP-002328.wav,5
PAEP-002329.wav,4
PAEP-002330.wav,1
PAEP-002331.wav,0
PAEP-002332.wav,3
PAEP-002333.wav,5
PAEP-002334.wav,4
PAEP-002335.wav,1
PAEP-002336.wav,0
PAEP-002337.wav,2
PAEP-002338.wav,3
PAEP-002339.wav,5
PAEP-002340.wav,4
PAEP-002341.wav,1
PAEP-002342.wav,0
PAEP-002343.wav,2
PAEP-002344.wav,3
PAEP-002345.wav,5
PAEP-002346.wav,4
PAEP-002347.wav,1
PAEP-002348.wav,2
PAEP-002349.wav,3
PAEP-002350.wav,5
PAEP-002351.wav,4
PAEP-002352.wav,1
PAEP-002353.wav,0
PAEP-002354.wav,2
PAEP-002355.wav,3
PAEP-002356.wav,5
PAEP-002357.wav,4
PAEP-002358.wav,1
PAEP-002359.wav,0
PAEP-002360.wav,2
PAEP-002361.wav,3
PAEP-002362.wav,5
PAEP-002363.wav,4
PAEP-002364.wav,0
PAEP-002365.wav,2
PAEP-002366.wav,3
PAEP-002367.wav,3
PAEP-002368.wav,3
PAEP-002369.wav,5
PAEP-002370.wav,5
PAEP-002371.wav,5
PAEP-002372.wav,4
PAEP-002373.wav,4
PAEP-002374.wav,4
PAEP-002375.wav,1
PAEP-002376.wav,1
PAEP-002377.wav,1
PAEP-002378.wav,0
PAEP-002379.wav,2
PAEP-002380.wav,2
PAEP-002381.wav,3
PAEP-002382.wav,5
PAEP-002383.wav,4
PAEP-002384.wav,1
PAEP-002385.wav,0
PAEP-002386.wav,2
PAEP-002387.wav,3
PAEP-002388.wav,5
PAEP-002389.wav,4
PAEP-002390.wav,1
PAEP-002391.wav,0
PAEP-002392.wav,2
PAEP-002393.wav,3
PAEP-002394.wav,5
PAEP-002395.wav,4
PAEP-002396.wav,0
PAEP-002397.wav,2
PAEP-002398.wav,3
PAEP-002399.wav,5
PAEP-002400.wav,4
PAEP-002401.wav,1
PAEP-002402.wav,0
PAEP-002403.wav,2
PAEP-002404.wav,3
PAEP-002405.wav,5
PAEP-002406.wav,4
PAEP-002407.wav,1
PAEP-002408.wav,0
PAEP-002409.wav,2
PAEP-002410.wav,3
PAEP-002411.wav,5
PAEP-002412.wav,1
PAEP-002413.wav,0
PAEP-002414.wav,2
PAEP-002415.wav,3
PAEP-002416.wav,5
PAEP-002417.wav,4
PAEP-002418.wav,1
PAEP-002419.wav,0
PAEP-002420.wav,2
PAEP-002421.wav,3
PAEP-002422.wav,5
PAEP-002423.wav,4
PAEP-002424.wav,1
PAEP-002425.wav,0
PAEP-002426.wav,2
PAEP-002427.wav,3
PAEP-002428.wav,4
PAEP-002429.wav,1
PAEP-002430.wav,0
PAEP-002431.wav,2
PAEP-002432.wav,3
PAEP-002433.wav,5
PAEP-002434.wav,4
PAEP-002435.wav,1
PAEP-002436.wav,0
PAEP-002437.wav,2
PAEP-002438.wav,3
PAEP-002439.wav,5
PAEP-002440.wav,4
PAEP-002441.wav,1
PAEP-002442.wav,0
PAEP-002443.wav,2
PAEP-002444.wav,3
PAEP-002445.wav,3
PAEP-002446.wav,5
PAEP-002447.wav,5
PAEP-002448.wav,5
PAEP-002449.wav,4
PAEP-002450.wav,4
PAEP-002451.wav,4
PAEP-002452.wav,1
PAEP-002453.wav,1
PAEP-002454.wav,1
PAEP-002455.wav,0
PAEP-002456.wav,2
PAEP-002457.wav,2
PAEP-002458.wav,2
PAEP-002459.wav,3
PAEP-002460.wav,1
PAEP-002461.wav,4
PAEP-002462.wav,1
PAEP-002463.wav,4
PAEP-002464.wav,5
PAEP-002465.wav,3
PAEP-002466.wav,1
PAEP-002467.wav,3
PAEP-002468.wav,2
PAEP-002469.wav,0
PAEP-002470.wav,1
PAEP-002471.wav,2
PAEP-002472.wav,1
PAEP-002473.wav,4
PAEP-002474.wav,5
PAEP-002475.wav,4
PAEP-002476.wav,1
PAEP-002477.wav,0
PAEP-002478.wav,2
PAEP-002479.wav,3
PAEP-002480.wav,5
PAEP-002481.wav,4
PAEP-002482.wav,1
PAEP-002483.wav,0
PAEP-002484.wav,2
PAEP-002485.wav,3
PAEP-002486.wav,5
PAEP-002487.wav,4
PAEP-002488.wav,1
PAEP-002489.wav,0
PAEP-002490.wav,2
PAEP-002491.wav,5
PAEP-002492.wav,4
PAEP-002493.wav,1
PAEP-002494.wav,0
PAEP-002495.wav,2
PAEP-002496.wav,3
PAEP-002497.wav,5
PAEP-002498.wav,4
PAEP-002499.wav,1
PAEP-002500.wav,0
PAEP-002501.wav,2
PAEP-002502.wav,3
PAEP-002503.wav,5
PAEP-002504.wav,4
PAEP-002505.wav,1
PAEP-002506.wav,0
PAEP-002507.wav,3
PAEP-002508.wav,5
PAEP-002509.wav,4
PAEP-002510.wav,1
PAEP-002511.wav,0
PAEP-002512.wav,2
PAEP-002513.wav,3
PAEP-002514.wav,5
PAEP-002515.wav,4
PAEP-002516.wav,1
PAEP-002517.wav,0
PAEP-002518.wav,2
PAEP-002519.wav,3
PAEP-002520.wav,5
PAEP-002521.wav,4
PAEP-002522.wav,1
PAEP-002523.wav,2
PAEP-002524.wav,3
PAEP-002525.wav,5
PAEP-002526.wav,4
PAEP-002527.wav,1
PAEP-002528.wav,0
PAEP-002529.wav,2
PAEP-002530.wav,3
PAEP-002531.wav,5
PAEP-002532.wav,4
PAEP-002533.wav,1
PAEP-002534.wav,0
PAEP-002535.wav,2
PAEP-002536.wav,3
PAEP-002537.wav,3
PAEP-002538.wav,3
PAEP-002539.wav,5
PAEP-002540.wav,5
PAEP-002541.wav,4
PAEP-002542.wav,4
PAEP-002543.wav,4
PAEP-002544.wav,1
PAEP-002545.wav,1
PAEP-002546.wav,1
PAEP-002547.wav,0
PAEP-002548.wav,2
PAEP-002549.wav,2
PAEP-002550.wav,2
PAEP-002551.wav,3
PAEP-002552.wav,5
PAEP-002553.wav,4
PAEP-002554.wav,1
PAEP-002555.wav,2
PAEP-002556.wav,3
PAEP-002557.wav,5
PAEP-002558.wav,4
PAEP-002559.wav,1
PAEP-002560.wav,0
PAEP-002561.wav,2
PAEP-002562.wav,3
PAEP-002563.wav,5
PAEP-002564.wav,4
PAEP-002565.wav,1
PAEP-002566.wav,0
PAEP-002567.wav,2
PAEP-002568.wav,3
PAEP-002569.wav,5
PAEP-002570.wav,4
PAEP-002571.wav,0
PAEP-002572.wav,2
PAEP-002573.wav,3
PAEP-002574.wav,5
PAEP-002575.wav,4
PAEP-002576.wav,1
PAEP-002577.wav,0
PAEP-002578.wav,2
PAEP-002579.wav,3
PAEP-002580.wav,5
PAEP-002581.wav,4
PAEP-002582.wav,1
PAEP-002583.wav,0
PAEP-002584.wav,2
PAEP-002585.wav,3
PAEP-002586.wav,5
PAEP-002587.wav,1
PAEP-002588.wav,0
PAEP-002589.wav,2
PAEP-002590.wav,3
PAEP-002591.wav,5
PAEP-002592.wav,4
PAEP-002593.wav,1
PAEP-002594.wav,0
PAEP-002595.wav,2
PAEP-002596.wav,3
PAEP-002597.wav,5
PAEP-002598.wav,4
PAEP-002599.wav,1
PAEP-002600.wav,0
PAEP-002601.wav,2
PAEP-002602.wav,3
PAEP-002603.wav,4
PAEP-002604.wav,1
PAEP-002605.wav,0
PAEP-002606.wav,2
PAEP-002607.wav,3
PAEP-002608.wav,5
PAEP-002609.wav,4
PAEP-002610.wav,1
PAEP-002611.wav,0
PAEP-002612.wav,2
PAEP-002613.wav,3
PAEP-002614.wav,3
PAEP-002615.wav,3
PAEP-002616.wav,5
PAEP-002617.wav,5
PAEP-002618.wav,5
PAEP-002619.wav,4
PAEP-002620.wav,4
PAEP-002621.wav,1
PAEP-002622.wav,1
PAEP-002623.wav,1
PAEP-002624.wav,0
PAEP-002625.wav,2
PAEP-002626.wav,2
PAEP-002627.wav,2
PAEP-002628.wav,3
PAEP-002629.wav,5
PAEP-002630.wav,4
PAEP-002631.wav,1
PAEP-002632.wav,0
PAEP-002633.wav,2
PAEP-002634.wav,3
PAEP-002635.wav,4
PAEP-002636.wav,1
PAEP-002637.wav,0
PAEP-002638.wav,2
PAEP-002639.wav,3
PAEP-002640.wav,5
PAEP-002641.wav,4
PAEP-002642.wav,1
PAEP-002643.wav,0
PAEP-002644.wav,2
PAEP-002645.wav,3
PAEP-002646.wav,5
PAEP-002647.wav,4
PAEP-002648.wav,1
PAEP-002649.wav,0
PAEP-002650.wav,2
PAEP-002651.wav,5
PAEP-002652.wav,4
PAEP-002653.wav,1
PAEP-002654.wav,0
PAEP-002655.wav,2
PAEP-002656.wav,3
PAEP-002657.wav,5
PAEP-002658.wav,4
PAEP-002659.wav,1
PAEP-002660.wav,0
PAEP-002661.wav,2
PAEP-002662.wav,3
PAEP-002663.wav,5
PAEP-002664.wav,4
PAEP-002665.wav,1
PAEP-002666.wav,0
PAEP-002667.wav,3
PAEP-002668.wav,5
PAEP-002669.wav,4
PAEP-002670.wav,1
PAEP-002671.wav,0
PAEP-002672.wav,2
PAEP-002673.wav,3
PAEP-002674.wav,5
PAEP-002675.wav,4
PAEP-002676.wav,1
PAEP-002677.wav,0
PAEP-002678.wav,2
PAEP-002679.wav,3
PAEP-002680.wav,5
PAEP-002681.wav,4
PAEP-002682.wav,1
PAEP-002683.wav,2
PAEP-002684.wav,3
PAEP-002685.wav,5
PAEP-002686.wav,4
PAEP-002687.wav,1
PAEP-002688.wav,0
PAEP-002689.wav,2
PAEP-002690.wav,3
PAEP-002691.wav,3
PAEP-002692.wav,3
PAEP-002693.wav,5
PAEP-002694.wav,5
PAEP-002695.wav,5
PAEP-002696.wav,4
PAEP-002697.wav,4
PAEP-002698.wav,4
PAEP-002699.wav,1
PAEP-002700.wav,1
PAEP-002701.wav,0
PAEP-002702.wav,2
PAEP-002703.wav,2
PAEP-002704.wav,2
PAEP-002705.wav,3
PAEP-002706.wav,5
PAEP-002707.wav,4
PAEP-002708.wav,1
PAEP-002709.wav,0
PAEP-002710.wav,2
PAEP-002711.wav,3
PAEP-002712.wav,5
PAEP-002713.wav,4
PAEP-002714.wav,1
PAEP-002715.wav,2
PAEP-002716.wav,3
PAEP-002717.wav,5
PAEP-002718.wav,4
PAEP-002719.wav,1
PAEP-002720.wav,0
PAEP-002721.wav,2
PAEP-002722.wav,3
PAEP-002723.wav,5
PAEP-002724.wav,4
PAEP-002725.wav,1
PAEP-002726.wav,0
PAEP-002727.wav,2
PAEP-002728.wav,3
PAEP-002729.wav,5
PAEP-002730.wav,4
PAEP-002731.wav,5
PAEP-002732.wav,3
PAEP-002733.wav,2
PAEP-002734.wav,0
PAEP-002735.wav,5
PAEP-002736.wav,0
PAEP-002737.wav,1
PAEP-002738.wav,4
PAEP-002739.wav,5
PAEP-002740.wav,4
PAEP-002741.wav,5
PAEP-002742.wav,3
PAEP-002743.wav,2
PAEP-002744.wav,0
PAEP-002745.wav,1
PAEP-002746.wav,0
PAEP-002747.wav,2
PAEP-002748.wav,3
PAEP-002749.wav,5
PAEP-002750.wav,4
PAEP-002751.wav,1
PAEP-002752.wav,0
PAEP-002753.wav,2
PAEP-002754.wav,3
PAEP-002755.wav,5
PAEP-002756.wav,4
PAEP-002757.wav,1
PAEP-002758.wav,0
PAEP-002759.wav,2
PAEP-002760.wav,3
PAEP-002761.wav,5
PAEP-002762.wav,1
PAEP-002763.wav,0
PAEP-002764.wav,2
PAEP-002765.wav,3
PAEP-002766.wav,5
PAEP-002767.wav,4
PAEP-002768.wav,1
PAEP-002769.wav,0
PAEP-002770.wav,2
PAEP-002771.wav,3
PAEP-002772.wav,5
PAEP-002773.wav,4
PAEP-002774.wav,1
PAEP-002775.wav,0
PAEP-002776.wav,2
PAEP-002777.wav,3
PAEP-002778.wav,4
PAEP-002779.wav,1
PAEP-002780.wav,0
PAEP-002781.wav,2
PAEP-002782.wav,3
PAEP-002783.wav,3
PAEP-002784.wav,3
PAEP-002785.wav,5
PAEP-002786.wav,5
PAEP-002787.wav,5
PAEP-002788.wav,4
PAEP-002789.wav,4
PAEP-002790.wav,4
PAEP-002791.wav,1
PAEP-002792.wav,1
PAEP-002793.wav,1
PAEP-002794.wav,2
PAEP-002795.wav,2
PAEP-002796.wav,2
PAEP-002797.wav,3
PAEP-002798.wav,5
PAEP-002799.wav,4
PAEP-002800.wav,1
PAEP-002801.wav,0
PAEP-002802.wav,2
PAEP-002803.wav,3
PAEP-002804.wav,5
PAEP-002805.wav,4
PAEP-002806.wav,1
PAEP-002807.wav,0
PAEP-002808.wav,2
PAEP-002809.wav,3
PAEP-002810.wav,4
PAEP-002811.wav,1
PAEP-002812.wav,0
PAEP-002813.wav,2
PAEP-002814.wav,3
PAEP-002815.wav,5
PAEP-002816.wav,4
PAEP-002817.wav,1
PAEP-002818.wav,0
PAEP-002819.wav,2
PAEP-002820.wav,3
PAEP-002821.wav,5
PAEP-002822.wav,4
PAEP-002823.wav,1
PAEP-002824.wav,0
PAEP-002825.wav,2
PAEP-002826.wav,5
PAEP-002827.wav,4
PAEP-002828.wav,1
PAEP-002829.wav,0
PAEP-002830.wav,2
PAEP-002831.wav,3
PAEP-002832.wav,5
PAEP-002833.wav,4
PAEP-002834.wav,1
PAEP-002835.wav,0
PAEP-002836.wav,2
PAEP-002837.wav,3
PAEP-002838.wav,5
PAEP-002839.wav,4
PAEP-002840.wav,1
PAEP-002841.wav,0
PAEP-002842.wav,3
PAEP-002843.wav,5
PAEP-002844.wav,4
PAEP-002845.wav,1
PAEP-002846.wav,0
PAEP-002847.wav,2
PAEP-002848.wav,3
PAEP-002849.wav,5
PAEP-002850.wav,4
PAEP-002851.wav,1
PAEP-002852.wav,0
PAEP-002853.wav,2
PAEP-002854.wav,3
PAEP-002855.wav,5
PAEP-002856.wav,4
PAEP-002857.wav,1
PAEP-002858.wav,2
PAEP-002859.wav,3
PAEP-002860.wav,3
PAEP-002861.wav,3
PAEP-002862.wav,5
PAEP-002863.wav,5
PAEP-002864.wav,5
PAEP-002865.wav,4
PAEP-002866.wav,4
PAEP-002867.wav,4
PAEP-002868.wav,1
PAEP-002869.wav,1
PAEP-002870.wav,1
PAEP-002871.wav,0
PAEP-002872.wav,2
PAEP-002873.wav,2
PAEP-002874.wav,3
PAEP-002875.wav,5
PAEP-002876.wav,4
PAEP-002877.wav,1
PAEP-002878.wav,0
PAEP-002879.wav,2
PAEP-002880.wav,3
PAEP-002881.wav,5
PAEP-002882.wav,4
PAEP-002883.wav,1
PAEP-002884.wav,0
PAEP-002885.wav,2
PAEP-002886.wav,3
PAEP-002887.wav,5
PAEP-002888.wav,4
PAEP-002889.wav,1
PAEP-002890.wav,2
PAEP-002891.wav,3
PAEP-002892.wav,5
PAEP-002893.wav,4
PAEP-002894.wav,1
PAEP-002895.wav,0
PAEP-002896.wav,2
PAEP-002897.wav,3
PAEP-002898.wav,5
PAEP-002899.wav,4
PAEP-002900.wav,1
PAEP-002901.wav,0
PAEP-002902.wav,2
PAEP-002903.wav,3
PAEP-002904.wav,5
PAEP-002905.wav,4
PAEP-002906.wav,0
PAEP-002907.wav,2
PAEP-002908.wav,3
PAEP-002909.wav,5
PAEP-002910.wav,4
PAEP-002911.wav,1
PAEP-002912.wav,0
PAEP-002913.wav,2
PAEP-002914.wav,3
PAEP-002915.wav,5
PAEP-002916.wav,4
PAEP-002917.wav,1
PAEP-002918.wav,0
PAEP-002919.wav,2
PAEP-002920.wav,3
PAEP-002921.wav,5
PAEP-002922.wav,1
PAEP-002923.wav,0
PAEP-002924.wav,2
PAEP-002925.wav,3
PAEP-002926.wav,5
PAEP-002927.wav,4
PAEP-002928.wav,1
PAEP-002929.wav,0
PAEP-002930.wav,2
PAEP-002931.wav,3
PAEP-002932.wav,5
PAEP-002933.wav,4
PAEP-002934.wav,1
PAEP-002935.wav,0
PAEP-002936.wav,2
PAEP-002937.wav,3
PAEP-002938.wav,3
PAEP-002939.wav,5
PAEP-002940.wav,5
PAEP-002941.wav,5
PAEP-002942.wav,4
PAEP-002943.wav,4
PAEP-002944.wav,4
PAEP-002945.wav,1
PAEP-002946.wav,1
PAEP-002947.wav,1
PAEP-002948.wav,0
PAEP-002949.wav,2
PAEP-002950.wav,2
PAEP-002951.wav,2
PAEP-002952.wav,3
PAEP-002953.wav,5
PAEP-002954.wav,1
PAEP-002955.wav,0
PAEP-002956.wav,2
PAEP-002957.wav,3
PAEP-002958.wav,5
PAEP-002959.wav,4
PAEP-002960.wav,1
PAEP-002961.wav,0
PAEP-002962.wav,2
PAEP-002963.wav,3
PAEP-002964.wav,5
PAEP-002965.wav,4
PAEP-002966.wav,1
PAEP-002967.wav,0
PAEP-002968.wav,2
PAEP-002969.wav,3
PAEP-002970.wav,4
PAEP-002971.wav,1
PAEP-002972.wav,0
PAEP-002973.wav,2
PAEP-002974.wav,3
PAEP-002975.wav,5
PAEP-002976.wav,4
PAEP-002977.wav,1
PAEP-002978.wav,0
PAEP-002979.wav,2
PAEP-002980.wav,3
PAEP-002981.wav,5
PAEP-002982.wav,4
PAEP-002983.wav,1
PAEP-002984.wav,0
PAEP-002985.wav,2
PAEP-002986.wav,5
PAEP-002987.wav,4
PAEP-002988.wav,1
PAEP-002989.wav,0
PAEP-002990.wav,2
PAEP-002991.wav,3
PAEP-002992.wav,5
PAEP-002993.wav,4
PAEP-002994.wav,1
PAEP-002995.wav,0
PAEP-002996.wav,2
PAEP-002997.wav,3
PAEP-002998.wav,5
PAEP-002999.wav,4
PAEP-003000.wav,1
PAEP-003001.wav,0
PAEP-003002.wav,1
PAEP-003003.wav,4
PAEP-003004.wav,5
PAEP-003005.wav,0
PAEP-003006.wav,5
PAEP-003007.wav,3
PAEP-003008.wav,2
PAEP-003009.wav,0
PAEP-003010.wav,2
PAEP-003011.wav,0
PAEP-003012.wav,1
PAEP-003013.wav,4
PAEP-003014.wav,3
PAEP-003015.wav,4
PAEP-003016.wav,5
PAEP-003017.wav,3
PAEP-003018.wav,5
PAEP-003019.wav,4
PAEP-003020.wav,1
PAEP-003021.wav,0
PAEP-003022.wav,2
PAEP-003023.wav,3
PAEP-003024.wav,5
PAEP-003025.wav,4
PAEP-003026.wav,1
PAEP-003027.wav,0
PAEP-003028.wav,2
PAEP-003029.wav,3
PAEP-003030.wav,3
PAEP-003031.wav,3
PAEP-003032.wav,5
PAEP-003033.wav,5
PAEP-003034.wav,4
PAEP-003035.wav,4
PAEP-003036.wav,4
PAEP-003037.wav,1
PAEP-003038.wav,1
PAEP-003039.wav,1
PAEP-003040.wav,0
PAEP-003041.wav,2
PAEP-003042.wav,2
PAEP-003043.wav,2
PAEP-003044.wav,3
PAEP-003045.wav,5
PAEP-003046.wav,4
PAEP-003047.wav,1
PAEP-003048.wav,0
PAEP-003049.wav,3
PAEP-003050.wav,5
PAEP-003051.wav,4
PAEP-003052.wav,1
PAEP-003053.wav,0
PAEP-003054.wav,2
PAEP-003055.wav,3
PAEP-003056.wav,5
PAEP-003057.wav,4
PAEP-003058.wav,1
PAEP-003059.wav,0
PAEP-003060.wav,2
PAEP-003061.wav,3
PAEP-003062.wav,5
PAEP-003063.wav,4
PAEP-003064.wav,1
PAEP-003065.wav,2
PAEP-003066.wav,3
PAEP-003067.wav,5
PAEP-003068.wav,4
PAEP-003069.wav,1
PAEP-003070.wav,0
PAEP-003071.wav,2
PAEP-003072.wav,3
PAEP-003073.wav,5
PAEP-003074.wav,4
PAEP-003075.wav,1
PAEP-003076.wav,0
PAEP-003077.wav,2
PAEP-003078.wav,3
PAEP-003079.wav,5
PAEP-003080.wav,4
PAEP-003081.wav,0
PAEP-003082.wav,2
PAEP-003083.wav,3
PAEP-003084.wav,5
PAEP-003085.wav,4
PAEP-003086.wav,1
PAEP-003087.wav,0
PAEP-003088.wav,2
PAEP-003089.wav,3
PAEP-003090.wav,5
PAEP-003091.wav,4
PAEP-003092.wav,1
PAEP-003093.wav,0
PAEP-003094.wav,2
PAEP-003095.wav,3
PAEP-003096.wav,5
PAEP-003097.wav,1
PAEP-003098.wav,0
PAEP-003099.wav,2
PAEP-003100.wav,3
PAEP-003101.wav,5
PAEP-003102.wav,4
PAEP-003103.wav,1
PAEP-003104.wav,0
PAEP-003105.wav,2
PAEP-003106.wav,3
PAEP-003107.wav,3
PAEP-003108.wav,3
PAEP-003109.wav,5
PAEP-003110.wav,5
PAEP-003111.wav,5
PAEP-003112.wav,4
PAEP-003113.wav,4
PAEP-003114.wav,1
PAEP-003115.wav,1
PAEP-003116.wav,1
PAEP-003117.wav,0
PAEP-003118.wav,2
PAEP-003119.wav,2
PAEP-003120.wav,2
PAEP-003121.wav,3
PAEP-003122.wav,5
PAEP-003123.wav,4
PAEP-003124.wav,1
PAEP-003125.wav,0
PAEP-003126.wav,2
PAEP-003127.wav,3
PAEP-003128.wav,5
PAEP-003129.wav,1
PAEP-003130.wav,0
PAEP-003131.wav,2
PAEP-003132.wav,3
PAEP-003133.wav,5
PAEP-003134.wav,4
PAEP-003135.wav,1
PAEP-003136.wav,0
PAEP-003137.wav,2
PAEP-003138.wav,3
PAEP-003139.wav,5
PAEP-003140.wav,4
PAEP-003141.wav,1
PAEP-003142.wav,0
PAEP-003143.wav,2
PAEP-003144.wav,3
PAEP-003145.wav,4
PAEP-003146.wav,1
PAEP-003147.wav,0
PAEP-003148.wav,2
PAEP-003149.wav,3
PAEP-003150.wav,5
PAEP-003151.wav,4
PAEP-003152.wav,1
PAEP-003153.wav,0
PAEP-003154.wav,2
PAEP-003155.wav,3
PAEP-003156.wav,5
PAEP-003157.wav,4
PAEP-003158.wav,1
PAEP-003159.wav,0
PAEP-003160.wav,2
PAEP-003161.wav,5
PAEP-003162.wav,4
PAEP-003163.wav,1
PAEP-003164.wav,0
PAEP-003165.wav,2
PAEP-003166.wav,3
PAEP-003167.wav,5
PAEP-003168.wav,4
PAEP-003169.wav,1
PAEP-003170.wav,0
PAEP-003171.wav,2
PAEP-003172.wav,3
PAEP-003173.wav,5
PAEP-003174.wav,4
PAEP-003175.wav,1
PAEP-003176.wav,0
PAEP-003177.wav,3
PAEP-003178.wav,5
PAEP-003179.wav,4
PAEP-003180.wav,1
PAEP-003181.wav,0
PAEP-003182.wav,2
PAEP-003183.wav,3
PAEP-003184.wav,3
PAEP-003185.wav,3
PAEP-003186.wav,5
PAEP-003187.wav,5
PAEP-003188.wav,5
PAEP-003189.wav,4
PAEP-003190.wav,4
PAEP-003191.wav,4
PAEP-003192.wav,1
PAEP-003193.wav,1
PAEP-003194.wav,0
PAEP-003195.wav,2
PAEP-003196.wav,2
PAEP-003197.wav,2
PAEP-003198.wav,3
PAEP-003199.wav,5
PAEP-003200.wav,4
PAEP-003201.wav,1
PAEP-003202.wav,0
PAEP-003203.wav,2
PAEP-003204.wav,3
PAEP-003205.wav,5
PAEP-003206.wav,4
PAEP-003207.wav,1
PAEP-003208.wav,0
PAEP-003209.wav,3
PAEP-003210.wav,5
PAEP-003211.wav,4
PAEP-003212.wav,1
PAEP-003213.wav,0
PAEP-003214.wav,2
PAEP-003215.wav,3
PAEP-003216.wav,5
PAEP-003217.wav,4
PAEP-003218.wav,1
PAEP-003219.wav,0
PAEP-003220.wav,2
PAEP-003221.wav,3
PAEP-003222.wav,5
PAEP-003223.wav,4
PAEP-003224.wav,1
PAEP-003225.wav,2
PAEP-003226.wav,3
PAEP-003227.wav,5
PAEP-003228.wav,4
PAEP-003229.wav,1
PAEP-003230.wav,0
PAEP-003231.wav,2
PAEP-003232.wav,3
PAEP-003233.wav,5
PAEP-003234.wav,4
PAEP-003235.wav,1
PAEP-003236.wav,0
PAEP-003237.wav,2
PAEP-003238.wav,3
PAEP-003239.wav,5
PAEP-003240.wav,4
PAEP-003241.wav,0
PAEP-003242.wav,2
PAEP-003243.wav,3
PAEP-003244.wav,5
PAEP-003245.wav,4
PAEP-003246.wav,1
PAEP-003247.wav,0
PAEP-003248.wav,2
PAEP-003249.wav,3
PAEP-003250.wav,5
PAEP-003251.wav,4
PAEP-003252.wav,1
PAEP-003253.wav,0
PAEP-003254.wav,2
PAEP-003255.wav,3
PAEP-003256.wav,5
PAEP-003257.wav,1
PAEP-003258.wav,0
PAEP-003259.wav,2
PAEP-003260.wav,3
PAEP-003261.wav,3
PAEP-003262.wav,3
PAEP-003263.wav,5
PAEP-003264.wav,5
PAEP-003265.wav,5
PAEP-003266.wav,4
PAEP-003267.wav,4
PAEP-003268.wav,4
PAEP-003269.wav,1
PAEP-003270.wav,1
PAEP-003271.wav,1
PAEP-003272.wav,0
PAEP-003273.wav,2
PAEP-003274.wav,5
PAEP-003275.wav,2
PAEP-003276.wav,0
PAEP-003277.wav,1
PAEP-003278.wav,4
PAEP-003279.wav,4
PAEP-003280.wav,4
PAEP-003281.wav,5
PAEP-003282.wav,3
PAEP-003283.wav,2
PAEP-003284.wav,1
PAEP-003285.wav,2
PAEP-003286.wav,0
PAEP-003287.wav,1
PAEP-003288.wav,2
PAEP-003289.wav,2
PAEP-003290.wav,3
PAEP-003291.wav,5
PAEP-003292.wav,4
PAEP-003293.wav,1
PAEP-003294.wav,0
PAEP-003295.wav,2
PAEP-003296.wav,3
PAEP-003297.wav,5
PAEP-003298.wav,4
PAEP-003299.wav,1
PAEP-003300.wav,0
PAEP-003301.wav,2
PAEP-003302.wav,3
PAEP-003303.wav,5
PAEP-003304.wav,1
PAEP-003305.wav,0
PAEP-003306.wav,2
PAEP-003307.wav,3
PAEP-003308.wav,5
PAEP-003309.wav,4
PAEP-003310.wav,1
PAEP-003311.wav,0
PAEP-003312.wav,2
PAEP-003313.wav,3
PAEP-003314.wav,5
PAEP-003315.wav,4
PAEP-003316.wav,1
PAEP-003317.wav,0
PAEP-003318.wav,2
PAEP-003319.wav,3
PAEP-003320.wav,4
PAEP-003321.wav,1
PAEP-003322.wav,0
PAEP-003323.wav,2
PAEP-003324.wav,3
PAEP-003325.wav,5
PAEP-003326.wav,4
PAEP-003327.wav,1
PAEP-003328.wav,0
PAEP-003329.wav,2
PAEP-003330.wav,3
PAEP-003331.wav,5
PAEP-003332.wav,4
PAEP-003333.wav,1
PAEP-003334.wav,0
PAEP-003335.wav,2
PAEP-003336.wav,5
PAEP-003337.wav,4
PAEP-003338.wav,1
PAEP-003339.wav,0
PAEP-003340.wav,2
PAEP-003341.wav,3
PAEP-003342.wav,5
PAEP-003343.wav,4
PAEP-003344.wav,1
PAEP-003345.wav,0
PAEP-003346.wav,2
PAEP-003347.wav,3
PAEP-003348.wav,5
PAEP-003349.wav,4
PAEP-003350.wav,1
PAEP-003351.wav,0
PAEP-003352.wav,3
PAEP-003353.wav,3
PAEP-003354.wav,3
PAEP-003355.wav,5
PAEP-003356.wav,5
PAEP-003357.wav,5
PAEP-003358.wav,4
PAEP-003359.wav,4
PAEP-003360.wav,4
PAEP-003361.wav,1
PAEP-003362.wav,1
PAEP-003363.wav,1
PAEP-003364.wav,0
PAEP-003365.wav,2
PAEP-003366.wav,2
PAEP-003367.wav,2
PAEP-003368.wav,5
PAEP-003369.wav,4
PAEP-003370.wav,1
PAEP-003371.wav,0
PAEP-003372.wav,2
PAEP-003373.wav,3
PAEP-003374.wav,5
PAEP-003375.wav,4
PAEP-003376.wav,1
PAEP-003377.wav,0
PAEP-003378.wav,2
PAEP-003379.wav,3
PAEP-003380.wav,5
PAEP-003381.wav,4
PAEP-003382.wav,1
PAEP-003383.wav,0
PAEP-003384.wav,3
PAEP-003385.wav,5
PAEP-003386.wav,4
PAEP-003387.wav,1
PAEP-003388.wav,0
PAEP-003389.wav,2
PAEP-003390.wav,3
PAEP-003391.wav,5
PAEP-003392.wav,4
PAEP-003393.wav,1
PAEP-003394.wav,0
PAEP-003395.wav,2
PAEP-003396.wav,3
PAEP-003397.wav,5
PAEP-003398.wav,4
PAEP-003399.wav,1
PAEP-003400.wav,2
PAEP-003401.wav,3
PAEP-003402.wav,5
PAEP-003403.wav,4
PAEP-003404.wav,1
PAEP-003405.wav,0
PAEP-003406.wav,2
PAEP-003407.wav,3
PAEP-003408.wav,5
PAEP-003409.wav,4
PAEP-003410.wav,1
PAEP-003411.wav,0
PAEP-003412.wav,2
PAEP-003413.wav,3
PAEP-003414.wav,5
PAEP-003415.wav,4
PAEP-003416.wav,0
PAEP-003417.wav,2
PAEP-003418.wav,3
PAEP-003419.wav,5
PAEP-003420.wav,4
PAEP-003421.wav,1
PAEP-003422.wav,0
PAEP-003423.wav,2
PAEP-003424.wav,3
PAEP-003425.wav,5
PAEP-003426.wav,4
PAEP-003427.wav,1
PAEP-003428.wav,0
PAEP-003429.wav,2
PAEP-003430.wav,3
PAEP-003431.wav,3
PAEP-003432.wav,5
PAEP-003433.wav,5
PAEP-003434.wav,5
PAEP-003435.wav,4
PAEP-003436.wav,4
PAEP-003437.wav,4
PAEP-003438.wav,1
PAEP-003439.wav,1
PAEP-003440.wav,1
PAEP-003441.wav,0
PAEP-003442.wav,2
PAEP-003443.wav,2
PAEP-003444.wav,2
PAEP-003445.wav,3
PAEP-003446.wav,5
PAEP-003447.wav,4
PAEP-003448.wav,0
PAEP-003449.wav,2
PAEP-003450.wav,3
PAEP-003451.wav,5
PAEP-003452.wav,4
PAEP-003453.wav,1
PAEP-003454.wav,0
PAEP-003455.wav,2
PAEP-003456.wav,3
PAEP-003457.wav,5
PAEP-003458.wav,4
PAEP-003459.wav,1
PAEP-003460.wav,0
PAEP-003461.wav,2
PAEP-003462.wav,3
PAEP-003463.wav,5
PAEP-003464.wav,1
PAEP-003465.wav,0
PAEP-003466.wav,2
PAEP-003467.wav,3
PAEP-003468.wav,5
PAEP-003469.wav,4
PAEP-003470.wav,1
PAEP-003471.wav,0
PAEP-003472.wav,2
PAEP-003473.wav,3
PAEP-003474.wav,5
PAEP-003475.wav,4
PAEP-003476.wav,1
PAEP-003477.wav,0
PAEP-003478.wav,2
PAEP-003479.wav,3
PAEP-003480.wav,4
PAEP-003481.wav,1
PAEP-003482.wav,0
PAEP-003483.wav,2
PAEP-003484.wav,3
PAEP-003485.wav,5
PAEP-003486.wav,4
PAEP-003487.wav,1
PAEP-003488.wav,0
PAEP-003489.wav,2
PAEP-003490.wav,3
PAEP-003491.wav,5
PAEP-003492.wav,4
PAEP-003493.wav,1
PAEP-003494.wav,0
PAEP-003495.wav,2
PAEP-003496.wav,5
PAEP-003497.wav,4
PAEP-003498.wav,1
PAEP-003499.wav,0
PAEP-003500.wav,2
PAEP-003501.wav,3
PAEP-003502.wav,5
PAEP-003503.wav,4
PAEP-003504.wav,1
PAEP-003505.wav,0
PAEP-003506.wav,2
PAEP-003507.wav,3
PAEP-003508.wav,3
PAEP-003509.wav,3
PAEP-003510.wav,5
PAEP-003511.wav,5
PAEP-003512.wav,4
PAEP-003513.wav,4
PAEP-003514.wav,4
PAEP-003515.wav,1
PAEP-003516.wav,1
PAEP-003517.wav,1
PAEP-003518.wav,0
PAEP-003519.wav,2
PAEP-003520.wav,2
PAEP-003521.wav,2
PAEP-003522.wav,3
PAEP-003523.wav,5
PAEP-003524.wav,4
PAEP-003525.wav,1
PAEP-003526.wav,0
PAEP-003527.wav,2
PAEP-003528.wav,5
PAEP-003529.wav,4
PAEP-003530.wav,1
PAEP-003531.wav,0
PAEP-003532.wav,2
PAEP-003533.wav,3
PAEP-003534.wav,5
PAEP-003535.wav,4
PAEP-003536.wav,1
PAEP-003537.wav,0
PAEP-003538.wav,2
PAEP-003539.wav,3
PAEP-003540.wav,5
PAEP-003541.wav,4
PAEP-003542.wav,1
PAEP-003543.wav,0
PAEP-003544.wav,2
PAEP-003545.wav,4
PAEP-003546.wav,5
PAEP-003547.wav,3
PAEP-003548.wav,2
PAEP-003549.wav,3
PAEP-003550.wav,2
PAEP-003551.wav,0
PAEP-003552.wav,1
PAEP-003553.wav,3
PAEP-003554.wav,1
PAEP-003555.wav,4
PAEP-003556.wav,5
PAEP-003557.wav,3
PAEP-003558.wav,5
PAEP-003559.wav,3
PAEP-003560.wav,5
PAEP-003561.wav,4
PAEP-003562.wav,1
PAEP-003563.wav,0
PAEP-003564.wav,2
PAEP-003565.wav,3
PAEP-003566.wav,5
PAEP-003567.wav,4
PAEP-003568.wav,1
PAEP-003569.wav,0
PAEP-003570.wav,2
PAEP-003571.wav,3
PAEP-003572.wav,5
PAEP-003573.wav,4
PAEP-003574.wav,1
PAEP-003575.wav,2
PAEP-003576.wav,3
PAEP-003577.wav,5
PAEP-003578.wav,4
PAEP-003579.wav,1
PAEP-003580.wav,0
PAEP-003581.wav,2
PAEP-003582.wav,3
PAEP-003583.wav,5
PAEP-003584.wav,4
PAEP-003585.wav,1
PAEP-003586.wav,0
PAEP-003587.wav,2
PAEP-003588.wav,3
PAEP-003589.wav,5
PAEP-003590.wav,4
PAEP-003591.wav,0
PAEP-003592.wav,2
PAEP-003593.wav,3
PAEP-003594.wav,5
PAEP-003595.wav,4
PAEP-003596.wav,1
PAEP-003597.wav,0
PAEP-003598.wav,2
PAEP-003599.wav,3
PAEP-003600.wav,3
PAEP-003601.wav,3
PAEP-003602.wav,5
PAEP-003603.wav,5
PAEP-003604.wav,5
PAEP-003605.wav,4
PAEP-003606.wav,4
PAEP-003607.wav,1
PAEP-003608.wav,1
PAEP-003609.wav,1
PAEP-003610.wav,0
PAEP-003611.wav,2
PAEP-003612.wav,2
PAEP-003613.wav,2
PAEP-003614.wav,3
PAEP-003615.wav,5
PAEP-003616.wav,4
PAEP-003617.wav,1
PAEP-003618.wav,0
PAEP-003619.wav,2
PAEP-003620.wav,3
PAEP-003621.wav,5
PAEP-003622.wav,4
PAEP-003623.wav,0
PAEP-003624.wav,2
PAEP-003625.wav,3
PAEP-003626.wav,5
PAEP-003627.wav,4
PAEP-003628.wav,1
PAEP-003629.wav,0
PAEP-003630.wav,2
PAEP-003631.wav,3
PAEP-003632.wav,5
PAEP-003633.wav,4
PAEP-003634.wav,1
PAEP-003635.wav,0
PAEP-003636.wav,2
PAEP-003637.wav,3
PAEP-003638.wav,5
PAEP-003639.wav,1
PAEP-003640.wav,0
PAEP-003641.wav,2
PAEP-003642.wav,3
PAEP-003643.wav,5
PAEP-003644.wav,4
PAEP-003645.wav,1
PAEP-003646.wav,0
PAEP-003647.wav,2
PAEP-003648.wav,3
PAEP-003649.wav,5
PAEP-003650.wav,4
PAEP-003651.wav,1
PAEP-003652.wav,0
PAEP-003653.wav,2
PAEP-003654.wav,3
PAEP-003655.wav,4
PAEP-003656.wav,1
PAEP-003657.wav,0
PAEP-003658.wav,2
PAEP-003659.wav,3
PAEP-003660.wav,5
PAEP-003661.wav,4
PAEP-003662.wav,1
PAEP-003663.wav,0
PAEP-003664.wav,2
PAEP-003665.wav,3
PAEP-003666.wav,5
PAEP-003667.wav,4
PAEP-003668.wav,1
PAEP-003669.wav,0
PAEP-003670.wav,2
PAEP-003671.wav,5
PAEP-003672.wav,4
PAEP-003673.wav,1
PAEP-003674.wav,0
PAEP-003675.wav,2
PAEP-003676.wav,3
PAEP-003677.wav,3
PAEP-003678.wav,3
PAEP-003679.wav,5
PAEP-003680.wav,5
PAEP-003681.wav,5
PAEP-003682.wav,4
PAEP-003683.wav,4
PAEP-003684.wav,4
PAEP-003685.wav,1
PAEP-003686.wav,1
PAEP-003687.wav,0
PAEP-003688.wav,2
PAEP-003689.wav,2
PAEP-003690.wav,2
PAEP-003691.wav,3
PAEP-003692.wav,5
PAEP-003693.wav,4
PAEP-003694.wav,1
PAEP-003695.wav,0
PAEP-003696.wav,2
PAEP-003697.wav,3
PAEP-003698.wav,5
PAEP-003699.wav,4
PAEP-003700.wav,1
PAEP-003701.wav,0
PAEP-003702.wav,2
PAEP-003703.wav,5
PAEP-003704.wav,4
PAEP-003705.wav,1
PAEP-003706.wav,0
PAEP-003707.wav,2
PAEP-003708.wav,3
PAEP-003709.wav,5
PAEP-003710.wav,4
PAEP-003711.wav,1
PAEP-003712.wav,0
PAEP-003713.wav,2
PAEP-003714.wav,3
PAEP-003715.wav,5
PAEP-003716.wav,4
PAEP-003717.wav,1
PAEP-003718.wav,0
PAEP-003719.wav,3
PAEP-003720.wav,5
PAEP-003721.wav,4
PAEP-003722.wav,1
PAEP-003723.wav,0
PAEP-003724.wav,2
PAEP-003725.wav,3
PAEP-003726.wav,5
PAEP-003727.wav,4
PAEP-003728.wav,1
PAEP-003729.wav,0
PAEP-003730.wav,2
PAEP-003731.wav,3
PAEP-003732.wav,5
PAEP-003733.wav,4
PAEP-003734.wav,1
PAEP-003735.wav,2
PAEP-003736.wav,3
PAEP-003737.wav,5
PAEP-003738.wav,4
PAEP-003739.wav,1
PAEP-003740.wav,0
PAEP-003741.wav,2
PAEP-003742.wav,3
PAEP-003743.wav,5
PAEP-003744.wav,4
PAEP-003745.wav,1
PAEP-003746.wav,0
PAEP-003747.wav,2
PAEP-003748.wav,3
PAEP-003749.wav,5
PAEP-003750.wav,4
PAEP-003751.wav,0
PAEP-003752.wav,2
PAEP-003753.wav,3
PAEP-003754.wav,3
PAEP-003755.wav,3
PAEP-003756.wav,5
PAEP-003757.wav,5
PAEP-003758.wav,5
PAEP-003759.wav,4
PAEP-003760.wav,4
PAEP-003761.wav,4
PAEP-003762.wav,1
PAEP-003763.wav,1
PAEP-003764.wav,1
PAEP-003765.wav,0
PAEP-003766.wav,2
PAEP-003767.wav,2
PAEP-003768.wav,3
PAEP-003769.wav,5
PAEP-003770.wav,4
PAEP-003771.wav,1
PAEP-003772.wav,0
PAEP-003773.wav,2
PAEP-003774.wav,3
PAEP-003775.wav,5
PAEP-003776.wav,4
PAEP-003777.wav,1
PAEP-003778.wav,0
PAEP-003779.wav,2
PAEP-003780.wav,3
PAEP-003781.wav,5
PAEP-003782.wav,4
PAEP-003783.wav,0
PAEP-003784.wav,2
PAEP-003785.wav,3
PAEP-003786.wav,5
PAEP-003787.wav,4
PAEP-003788.wav,1
PAEP-003789.wav,0
PAEP-003790.wav,2
PAEP-003791.wav,3
PAEP-003792.wav,5
PAEP-003793.wav,4
PAEP-003794.wav,1
PAEP-003795.wav,0
PAEP-003796.wav,2
PAEP-003797.wav,3
PAEP-003798.wav,5
PAEP-003799.wav,1
PAEP-003800.wav,0
PAEP-003801.wav,2
PAEP-003802.wav,3
PAEP-003803.wav,5
PAEP-003804.wav,4
PAEP-003805.wav,1
PAEP-003806.wav,0
PAEP-003807.wav,2
PAEP-003808.wav,3
PAEP-003809.wav,5
PAEP-003810.wav,4
PAEP-003811.wav,1
PAEP-003812.wav,0
PAEP-003813.wav,2
PAEP-003814.wav,3
PAEP-003815.wav,2
PAEP-003816.wav,0
PAEP-003817.wav,1
PAEP-003818.wav,4
PAEP-003819.wav,1
PAEP-003820.wav,4
PAEP-003821.wav,5
PAEP-003822.wav,3
PAEP-003823.wav,1
PAEP-003824.wav,3
PAEP-003825.wav,2
PAEP-003826.wav,0
PAEP-003827.wav,1
PAEP-003828.wav,2
PAEP-003829.wav,1
PAEP-003830.wav,4
PAEP-003831.wav,1
PAEP-003832.wav,0
PAEP-003833.wav,2
PAEP-003834.wav,3
PAEP-003835.wav,5
PAEP-003836.wav,4
PAEP-003837.wav,1
PAEP-003838.wav,0
PAEP-003839.wav,2
PAEP-003840.wav,3
PAEP-003841.wav,5
PAEP-003842.wav,4
PAEP-003843.wav,1
PAEP-003844.wav,0
PAEP-003845.wav,2
PAEP-003846.wav,3
PAEP-003847.wav,3
PAEP-003848.wav,5
PAEP-003849.wav,5
PAEP-003850.wav,5
PAEP-003851.wav,4
PAEP-003852.wav,4
PAEP-003853.wav,4
PAEP-003854.wav,1
PAEP-003855.wav,1
PAEP-003856.wav,1
PAEP-003857.wav,0
PAEP-003858.wav,2
PAEP-003859.wav,2
PAEP-003860.wav,2
PAEP-003861.wav,3
PAEP-003862.wav,4
PAEP-003863.wav,1
PAEP-003864.wav,0
PAEP-003865.wav,2
PAEP-003866.wav,3
PAEP-003867.wav,5
PAEP-003868.wav,4
PAEP-003869.wav,1
PAEP-003870.wav,0
PAEP-003871.wav,2
PAEP-003872.wav,3
PAEP-003873.wav,5
PAEP-003874.wav,4
PAEP-003875.wav,1
PAEP-003876.wav,0
PAEP-003877.wav,2
PAEP-003878.wav,5
PAEP-003879.wav,4
PAEP-003880.wav,1
PAEP-003881.wav,0
PAEP-003882.wav,2
PAEP-003883.wav,3
PAEP-003884.wav,5
PAEP-003885.wav,4
PAEP-003886.wav,1
PAEP-003887.wav,0
PAEP-003888.wav,2
PAEP-003889.wav,3
PAEP-003890.wav,5
PAEP-003891.wav,4
PAEP-003892.wav,1
PAEP-003893.wav,0
PAEP-003894.wav,3
PAEP-003895.wav,5
PAEP-003896.wav,4
PAEP-003897.wav,1
PAEP-003898.wav,0
PAEP-003899.wav,2
PAEP-003900.wav,3
PAEP-003901.wav,5
PAEP-003902.wav,4
PAEP-003903.wav,1
PAEP-003904.wav,0
PAEP-003905.wav,2
PAEP-003906.wav,3
PAEP-003907.wav,5
PAEP-003908.wav,4
PAEP-003909.wav,1
PAEP-003910.wav,2
PAEP-003911.wav,3
PAEP-003912.wav,5
PAEP-003913.wav,4
PAEP-003914.wav,1
PAEP-003915.wav,0
PAEP-003916.wav,2
PAEP-003917.wav,3
PAEP-003918.wav,5
PAEP-003919.wav,4
PAEP-003920.wav,1
PAEP-003921.wav,0
PAEP-003922.wav,2
PAEP-003923.wav,3
PAEP-003924.wav,3
PAEP-003925.wav,3
PAEP-003926.wav,5
PAEP-003927.wav,5
PAEP-003928.wav,4
PAEP-003929.wav,4
PAEP-003930.wav,4
PAEP-003931.wav,1
PAEP-003932.wav,1
PAEP-003933.wav,1
PAEP-003934.wav,0
PAEP-003935.wav,2
PAEP-003936.wav,2
PAEP-003937.wav,2
PAEP-003938.wav,3
PAEP-003939.wav,5
PAEP-003940.wav,4
PAEP-003941.wav,1
PAEP-003942.wav,2
PAEP-003943.wav,3
PAEP-003944.wav,5
PAEP-003945.wav,4
PAEP-003946.wav,1
PAEP-003947.wav,0
PAEP-003948.wav,2
PAEP-003949.wav,3
PAEP-003950.wav,5
PAEP-003951.wav,4
PAEP-003952.wav,1
PAEP-003953.wav,0
PAEP-003954.wav,2
PAEP-003955.wav,3
PAEP-003956.wav,5
PAEP-003957.wav,4
PAEP-003958.wav,0
PAEP-003959.wav,2
PAEP-003960.wav,3
PAEP-003961.wav,5
PAEP-003962.wav,4
PAEP-003963.wav,1
PAEP-003964.wav,0
PAEP-003965.wav,2
PAEP-003966.wav,3
PAEP-003967.wav,5
PAEP-003968.wav,4
PAEP-003969.wav,1
PAEP-003970.wav,0
PAEP-003971.wav,2
PAEP-003972.wav,3
PAEP-003973.wav,5
PAEP-003974.wav,1
PAEP-003975.wav,0
PAEP-003976.wav,2
PAEP-003977.wav,3
PAEP-003978.wav,5
PAEP-003979.wav,4
PAEP-003980.wav,1
PAEP-003981.wav,0
PAEP-003982.wav,2
PAEP-003983.wav,3
PAEP-003984.wav,5
PAEP-003985.wav,4
PAEP-003986.wav,1
PAEP-003987.wav,0
PAEP-003988.wav,2
PAEP-003989.wav,3
PAEP-003990.wav,4
PAEP-003991.wav,1
PAEP-003992.wav,0
PAEP-003993.wav,2
PAEP-003994.wav,3
PAEP-003995.wav,5
PAEP-003996.wav,4
PAEP-003997.wav,1
PAEP-003998.wav,0
PAEP-003999.wav,2
PAEP-004000.wav,3
PAEP-004001.wav,3
PAEP-004002.wav,3
PAEP-004003.wav,5
PAEP-004004.wav,5
PAEP-004005.wav,5
PAEP-004006.wav,4
PAEP-004007.wav,4
PAEP-004008.wav,1
PAEP-004009.wav,1
PAEP-004010.wav,1
PAEP-004011.wav,0
PAEP-004012.wav,2
PAEP-004013.wav,2
PAEP-004014.wav,2
PAEP-004015.wav,3
PAEP-004016.wav,5
PAEP-004017.wav,4
PAEP-004018.wav,1
PAEP-004019.wav,0
PAEP-004020.wav,2
PAEP-004021.wav,3
PAEP-004022.wav,4
PAEP-004023.wav,1
PAEP-004024.wav,0
PAEP-004025.wav,2
PAEP-004026.wav,3
PAEP-004027.wav,5
PAEP-004028.wav,4
PAEP-004029.wav,1
PAEP-004030.wav,0
PAEP-004031.wav,2
PAEP-004032.wav,3
PAEP-004033.wav,5
PAEP-004034.wav,4
PAEP-004035.wav,1
PAEP-004036.wav,0
PAEP-004037.wav,2
PAEP-004038.wav,5
PAEP-004039.wav,4
PAEP-004040.wav,1
PAEP-004041.wav,0
PAEP-004042.wav,2
PAEP-004043.wav,3
PAEP-004044.wav,5
PAEP-004045.wav,4
PAEP-004046.wav,1
PAEP-004047.wav,0
PAEP-004048.wav,2
PAEP-004049.wav,3
PAEP-004050.wav,5
PAEP-004051.wav,4
PAEP-004052.wav,1
PAEP-004053.wav,0
PAEP-004054.wav,3
PAEP-004055.wav,5
PAEP-004056.wav,4
PAEP-004057.wav,1
PAEP-004058.wav,0
PAEP-004059.wav,2
PAEP-004060.wav,3
PAEP-004061.wav,5
PAEP-004062.wav,4
PAEP-004063.wav,1
PAEP-004064.wav,0
PAEP-004065.wav,2
PAEP-004066.wav,3
PAEP-004067.wav,5
PAEP-004068.wav,4
PAEP-004069.wav,1
PAEP-004070.wav,2
PAEP-004071.wav,3
PAEP-004072.wav,5
PAEP-004073.wav,4
PAEP-004074.wav,1
PAEP-004075.wav,0
PAEP-004076.wav,2
PAEP-004077.wav,3
PAEP-004078.wav,3
PAEP-004079.wav,3
PAEP-004080.wav,5
PAEP-004081.wav,5
PAEP-004082.wav,5
PAEP-004083.wav,4
PAEP-004084.wav,4
PAEP-004085.wav,4
PAEP-004086.wav,5
PAEP-004087.wav,3
PAEP-004088.wav,5
PAEP-004089.wav,3
PAEP-004090.wav,2
PAEP-004091.wav,0
PAEP-004092.wav,5
PAEP-004093.wav,0
PAEP-004094.wav,1
PAEP-004095.wav,4
PAEP-004096.wav,5
PAEP-004097.wav,4
PAEP-004098.wav,5
PAEP-004099.wav,3
PAEP-004100.wav,2
PAEP-004101.wav,1
PAEP-004102.wav,1
PAEP-004103.wav,0
PAEP-004104.wav,2
PAEP-004105.wav,2
PAEP-004106.wav,2
PAEP-004107.wav,3
PAEP-004108.wav,5
PAEP-004109.wav,4
PAEP-004110.wav,1
PAEP-004111.wav,0
PAEP-004112.wav,2
PAEP-004113.wav,3
PAEP-004114.wav,5
PAEP-004115.wav,4
PAEP-004116.wav,1
PAEP-004117.wav,2
PAEP-004118.wav,3
PAEP-004119.wav,5
PAEP-004120.wav,4
PAEP-004121.wav,1
PAEP-004122.wav,0
PAEP-004123.wav,2
PAEP-004124.wav,3
PAEP-004125.wav,5
PAEP-004126.wav,4
PAEP-004127.wav,1
PAEP-004128.wav,0
PAEP-004129.wav,2
PAEP-004130.wav,3
PAEP-004131.wav,5
PAEP-004132.wav,4
PAEP-004133.wav,0
PAEP-004134.wav,2
PAEP-004135.wav,3
PAEP-004136.wav,5
PAEP-004137.wav,4
PAEP-004138.wav,1
PAEP-004139.wav,0
PAEP-004140.wav,2
PAEP-004141.wav,3
PAEP-004142.wav,5
PAEP-004143.wav,4
PAEP-004144.wav,1
PAEP-004145.wav,0
PAEP-004146.wav,2
PAEP-004147.wav,3
PAEP-004148.wav,5
PAEP-004149.wav,1
PAEP-004150.wav,0
PAEP-004151.wav,2
PAEP-004152.wav,3
PAEP-004153.wav,5
PAEP-004154.wav,4
PAEP-004155.wav,1
PAEP-004156.wav,0
PAEP-004157.wav,2
PAEP-004158.wav,3
PAEP-004159.wav,5
PAEP-004160.wav,4
PAEP-004161.wav,1
PAEP-004162.wav,0
PAEP-004163.wav,2
PAEP-004164.wav,3
PAEP-004165.wav,4
PAEP-004166.wav,1
PAEP-004167.wav,0
PAEP-004168.wav,2
PAEP-004169.wav,3
PAEP-004170.wav,3
PAEP-004171.wav,3
PAEP-004172.wav,5
PAEP-004173.wav,5
PAEP-004174.wav,5
PAEP-004175.wav,4
PAEP-004176.wav,4
PAEP-004177.wav,4
PAEP-004178.wav,1
PAEP-004179.wav,1
PAEP-004180.wav,1
PAEP-004181.wav,2
PAEP-004182.wav,2
PAEP-004183.wav,2
PAEP-004184.wav,3
PAEP-004185.wav,5
PAEP-004186.wav,4
PAEP-004187.wav,1
PAEP-004188.wav,0
PAEP-004189.wav,2
PAEP-004190.wav,3
PAEP-004191.wav,5
PAEP-004192.wav,4
PAEP-004193.wav,1
PAEP-004194.wav,0
PAEP-004195.wav,2
PAEP-004196.wav,3
PAEP-004197.wav,4
PAEP-004198.wav,1
PAEP-004199.wav,0
PAEP-004200.wav,2
PAEP-004201.wav,3
PAEP-004202.wav,5
PAEP-004203.wav,4
PAEP-004204.wav,1
PAEP-004205.wav,0
PAEP-004206.wav,2
PAEP-004207.wav,3
PAEP-004208.wav,5
PAEP-004209.wav,4
PAEP-004210.wav,1
PAEP-004211.wav,0
PAEP-004212.wav,2
PAEP-004213.wav,5
PAEP-004214.wav,4
PAEP-004215.wav,1
PAEP-004216.wav,0
PAEP-004217.wav,2
PAEP-004218.wav,3
PAEP-004219.wav,5
PAEP-004220.wav,4
PAEP-004221.wav,1
PAEP-004222.wav,0
PAEP-004223.wav,2
PAEP-004224.wav,3
PAEP-004225.wav,5
PAEP-004226.wav,4
PAEP-004227.wav,1
PAEP-004228.wav,0
PAEP-004229.wav,3
PAEP-004230.wav,5
PAEP-004231.wav,4
PAEP-004232.wav,1
PAEP-004233.wav,0
PAEP-004234.wav,2
PAEP-004235.wav,3
PAEP-004236.wav,5
PAEP-004237.wav,4
PAEP-004238.wav,1
PAEP-004239.wav,0
PAEP-004240.wav,2
PAEP-004241.wav,3
PAEP-004242.wav,5
PAEP-004243.wav,4
PAEP-004244.wav,1
PAEP-004245.wav,2
PAEP-004246.wav,3
PAEP-004247.wav,3
PAEP-004248.wav,3
PAEP-004249.wav,5
PAEP-004250.wav,5
PAEP-004251.wav,5
PAEP-004252.wav,4
PAEP-004253.wav,4
PAEP-004254.wav,4
PAEP-004255.wav,1
PAEP-004256.wav,1
PAEP-004257.wav,1
PAEP-004258.wav,0
PAEP-004259.wav,2
PAEP-004260.wav,2
PAEP-004261.wav,3
PAEP-004262.wav,5
PAEP-004263.wav,4
PAEP-004264.wav,1
PAEP-004265.wav,0
PAEP-004266.wav,2
PAEP-004267.wav,3
PAEP-004268.wav,5
PAEP-004269.wav,4
PAEP-004270.wav,1
PAEP-004271.wav,0
PAEP-004272.wav,2
PAEP-004273.wav,3
PAEP-004274.wav,5
PAEP-004275.wav,4
PAEP-004276.wav,1
PAEP-004277.wav,2
PAEP-004278.wav,3
PAEP-004279.wav,5
PAEP-004280.wav,4
PAEP-004281.wav,1
PAEP-004282.wav,0
PAEP-004283.wav,2
PAEP-004284.wav,3
PAEP-004285.wav,5
PAEP-004286.wav,4
PAEP-004287.wav,1
PAEP-004288.wav,0
PAEP-004289.wav,2
PAEP-004290.wav,3
PAEP-004291.wav,5
PAEP-004292.wav,4
PAEP-004293.wav,0
PAEP-004294.wav,2
PAEP-004295.wav,3
PAEP-004296.wav,5
PAEP-004297.wav,4
PAEP-004298.wav,1
PAEP-004299.wav,0
PAEP-004300.wav,2
PAEP-004301.wav,3
PAEP-004302.wav,5
PAEP-004303.wav,4
PAEP-004304.wav,1
PAEP-004305.wav,0
PAEP-004306.wav,2
PAEP-004307.wav,3
PAEP-004308.wav,5
PAEP-004309.wav,1
PAEP-004310.wav,0
PAEP-004311.wav,2
PAEP-004312.wav,3
PAEP-004313.wav,5
PAEP-004314.wav,4
PAEP-004315.wav,1
PAEP-004316.wav,0
PAEP-004317.wav,2
PAEP-004318.wav,3
PAEP-004319.wav,5
PAEP-004320.wav,4
PAEP-004321.wav,1
PAEP-004322.wav,0
PAEP-004323.wav,2
PAEP-004324.wav,3
PAEP-004325.wav,3
PAEP-004326.wav,5
PAEP-004327.wav,5
PAEP-004328.wav,5
PAEP-004329.wav,4
PAEP-004330.wav,4
PAEP-004331.wav,4
PAEP-004332.wav,1
PAEP-004333.wav,1
PAEP-004334.wav,1
PAEP-004335.wav,0
PAEP-004336.wav,2
PAEP-004337.wav,2
PAEP-004338.wav,2
PAEP-004339.wav,3
PAEP-004340.wav,5
PAEP-004341.wav,1
PAEP-004342.wav,0
PAEP-004343.wav,2
PAEP-004344.wav,3
PAEP-004345.wav,5
PAEP-004346.wav,4
PAEP-004347.wav,1
PAEP-004348.wav,0
PAEP-004349.wav,2
PAEP-004350.wav,3
PAEP-004351.wav,5
PAEP-004352.wav,4
PAEP-004353.wav,1
PAEP-004354.wav,0
PAEP-004355.wav,2
PAEP-004356.wav,3
PAEP-004357.wav,1
PAEP-004358.wav,0
PAEP-004359.wav,1
PAEP-004360.wav,4
PAEP-004361.wav,5
PAEP-004362.wav,0
PAEP-004363.wav,5
PAEP-004364.wav,3
PAEP-004365.wav,2
PAEP-004366.wav,0
PAEP-004367.wav,2
PAEP-004368.wav,0
PAEP-004369.wav,1
PAEP-004370.wav,4
PAEP-004371.wav,3
PAEP-004372.wav,4
PAEP-004373.wav,1
PAEP-004374.wav,0
PAEP-004375.wav,2
PAEP-004376.wav,3
PAEP-004377.wav,5
PAEP-004378.wav,4
PAEP-004379.wav,1
PAEP-004380.wav,0
PAEP-004381.wav,2
PAEP-004382.wav,3
PAEP-004383.wav,5
PAEP-004384.wav,4
PAEP-004385.wav,1
PAEP-004386.wav,0
PAEP-004387.wav,2
PAEP-004388.wav,5
PAEP-004389.wav,4
PAEP-004390.wav,1
PAEP-004391.wav,0
PAEP-004392.wav,2
PAEP-004393.wav,3
PAEP-004394.wav,5
PAEP-004395.wav,4
PAEP-004396.wav,1
PAEP-004397.wav,0
PAEP-004398.wav,2
PAEP-004399.wav,3
PAEP-004400.wav,5
PAEP-004401.wav,4
PAEP-004402.wav,1
PAEP-004403.wav,0
PAEP-004404.wav,3
PAEP-004405.wav,5
PAEP-004406.wav,4
PAEP-004407.wav,1
PAEP-004408.wav,0
PAEP-004409.wav,2
PAEP-004410.wav,3
PAEP-004411.wav,5
PAEP-004412.wav,4
PAEP-004413.wav,1
PAEP-004414.wav,0
PAEP-004415.wav,2
PAEP-004416.wav,3
PAEP-004417.wav,3
PAEP-004418.wav,3
PAEP-004419.wav,5
PAEP-004420.wav,5
PAEP-004421.wav,4
PAEP-004422.wav,4
PAEP-004423.wav,4
PAEP-004424.wav,1
PAEP-004425.wav,1
PAEP-004426.wav,1
PAEP-004427.wav,0
PAEP-004428.wav,2
PAEP-004429.wav,2
PAEP-004430.wav,2
PAEP-004431.wav,3
PAEP-004432.wav,5
PAEP-004433.wav,4
PAEP-004434.wav,1
PAEP-004435.wav,0
PAEP-004436.wav,3
PAEP-004437.wav,5
PAEP-004438.wav,4
PAEP-004439.wav,1
PAEP-004440.wav,0
PAEP-004441.wav,2
PAEP-004442.wav,3
PAEP-004443.wav,5
PAEP-004444.wav,4
PAEP-004445.wav,1
PAEP-004446.wav,0
PAEP-004447.wav,2
PAEP-004448.wav,3
PAEP-004449.wav,5
PAEP-004450.wav,4
PAEP-004451.wav,1
PAEP-004452.wav,2
PAEP-004453.wav,3
PAEP-004454.wav,5
PAEP-004455.wav,4
PAEP-004456.wav,1
PAEP-004457.wav,0
PAEP-004458.wav,2
PAEP-004459.wav,3
PAEP-004460.wav,5
PAEP-004461.wav,4
PAEP-004462.wav,1
PAEP-004463.wav,0
PAEP-004464.wav,2
PAEP-004465.wav,3
PAEP-004466.wav,5
PAEP-004467.wav,4
PAEP-004468.wav,0
PAEP-004469.wav,2
PAEP-004470.wav,3
PAEP-004471.wav,5
PAEP-004472.wav,4
PAEP-004473.wav,1
PAEP-004474.wav,0
PAEP-004475.wav,2
PAEP-004476.wav,3
PAEP-004477.wav,5
PAEP-004478.wav,4
PAEP-004479.wav,1
PAEP-004480.wav,0
PAEP-004481.wav,2
PAEP-004482.wav,3
PAEP-004483.wav,5
PAEP-004484.wav,1
PAEP-004485.wav,0
PAEP-004486.wav,2
PAEP-004487.wav,3
PAEP-004488.wav,5
PAEP-004489.wav,4
PAEP-004490.wav,1
PAEP-004491.wav,0
PAEP-004492.wav,2
PAEP-004493.wav,3
PAEP-004494.wav,3
PAEP-004495.wav,3
PAEP-004496.wav,5
PAEP-004497.wav,5
PAEP-004498.wav,5
PAEP-004499.wav,4
PAEP-004500.wav,4
PAEP-004501.wav,1
PAEP-004502.wav,1
PAEP-004503.wav,1
PAEP-004504.wav,0
PAEP-004505.wav,2
PAEP-004506.wav,2
PAEP-004507.wav,2
PAEP-004508.wav,3
PAEP-004509.wav,5
PAEP-004510.wav,4
PAEP-004511.wav,1
PAEP-004512.wav,0
PAEP-004513.wav,2
PAEP-004514.wav,3
PAEP-004515.wav,5
PAEP-004516.wav,1
PAEP-004517.wav,0
PAEP-004518.wav,2
PAEP-004519.wav,3
PAEP-004520.wav,5
PAEP-004521.wav,4
PAEP-004522.wav,1
PAEP-004523.wav,0
PAEP-004524.wav,2
PAEP-004525.wav,3
PAEP-004526.wav,5
PAEP-004527.wav,4
PAEP-004528.wav,1
PAEP-004529.wav,0
PAEP-004530.wav,2
PAEP-004531.wav,3
PAEP-004532.wav,4
PAEP-004533.wav,1
PAEP-004534.wav,0
PAEP-004535.wav,2
PAEP-004536.wav,3
PAEP-004537.wav,5
PAEP-004538.wav,4
PAEP-004539.wav,1
PAEP-004540.wav,0
PAEP-004541.wav,2
PAEP-004542.wav,3
PAEP-004543.wav,5
PAEP-004544.wav,4
PAEP-004545.wav,1
PAEP-004546.wav,0
PAEP-004547.wav,2
PAEP-004548.wav,5
PAEP-004549.wav,4
PAEP-004550.wav,1
PAEP-004551.wav,0
PAEP-004552.wav,2
PAEP-004553.wav,3
PAEP-004554.wav,5
PAEP-004555.wav,4
PAEP-004556.wav,1
PAEP-004557.wav,0
PAEP-004558.wav,2
PAEP-004559.wav,3
PAEP-004560.wav,5
PAEP-004561.wav,4
PAEP-004562.wav,1
PAEP-004563.wav,0
PAEP-004564.wav,3
PAEP-004565.wav,5
PAEP-004566.wav,4
PAEP-004567.wav,1
PAEP-004568.wav,0
PAEP-004569.wav,2
PAEP-004570.wav,3
PAEP-004571.wav,3
PAEP-004572.wav,3
PAEP-004573.wav,5
PAEP-004574.wav,5
PAEP-004575.wav,5
PAEP-004576.wav,4
PAEP-004577.wav,4
PAEP-004578.wav,4
PAEP-004579.wav,1
PAEP-004580.wav,1
PAEP-004581.wav,0
PAEP-004582.wav,2
PAEP-004583.wav,2
PAEP-004584.wav,2
PAEP-004585.wav,3
PAEP-004586.wav,5
PAEP-004587.wav,4
PAEP-004588.wav,1
PAEP-004589.wav,0
PAEP-004590.wav,2
PAEP-004591.wav,3
PAEP-004592.wav,5
PAEP-004593.wav,4
PAEP-004594.wav,1
PAEP-004595.wav,0
PAEP-004596.wav,3
PAEP-004597.wav,5
PAEP-004598.wav,4
PAEP-004599.wav,1
PAEP-004600.wav,0
PAEP-004601.wav,2
PAEP-004602.wav,3
PAEP-004603.wav,5
PAEP-004604.wav,4
PAEP-004605.wav,1
PAEP-004606.wav,0
PAEP-004607.wav,2
PAEP-004608.wav,3
PAEP-004609.wav,5
PAEP-004610.wav,4
PAEP-004611.wav,1
PAEP-004612.wav,2
PAEP-004613.wav,3
PAEP-004614.wav,5
PAEP-004615.wav,4
PAEP-004616.wav,1
PAEP-004617.wav,0
PAEP-004618.wav,2
PAEP-004619.wav,3
PAEP-004620.wav,5
PAEP-004621.wav,4
PAEP-004622.wav,1
PAEP-004623.wav,0
PAEP-004624.wav,2
PAEP-004625.wav,3
PAEP-004626.wav,5
PAEP-004627.wav,4
PAEP-004628.wav,5
PAEP-004629.wav,3
PAEP-004630.wav,2
PAEP-004631.wav,5
PAEP-004632.wav,2
PAEP-004633.wav,0
PAEP-004634.wav,1
PAEP-004635.wav,4
PAEP-004636.wav,4
PAEP-004637.wav,4
PAEP-004638.wav,5
PAEP-004639.wav,3
PAEP-004640.wav,2
PAEP-004641.wav,1
PAEP-004642.wav,2
PAEP-004643.wav,0
PAEP-004644.wav,2
PAEP-004645.wav,3
PAEP-004646.wav,5
PAEP-004647.wav,4
PAEP-004648.wav,1
PAEP-004649.wav,0
PAEP-004650.wav,2
PAEP-004651.wav,3
PAEP-004652.wav,5
PAEP-004653.wav,4
PAEP-004654.wav,1
PAEP-004655.wav,0
PAEP-004656.wav,2
PAEP-004657.wav,3
PAEP-004658.wav,5
PAEP-004659.wav,1
PAEP-004660.wav,0
PAEP-004661.wav,2
PAEP-004662.wav,3
PAEP-004663.wav,3
PAEP-004664.wav,3
PAEP-004665.wav,5
PAEP-004666.wav,5
PAEP-004667.wav,5
PAEP-004668.wav,4
PAEP-004669.wav,4
PAEP-004670.wav,4
PAEP-004671.wav,1
PAEP-004672.wav,1
PAEP-004673.wav,1
PAEP-004674.wav,0
PAEP-004675.wav,2
PAEP-004676.wav,2
PAEP-004677.wav,3
PAEP-004678.wav,5
PAEP-004679.wav,4
PAEP-004680.wav,1
PAEP-004681.wav,0
PAEP-004682.wav,2
PAEP-004683.wav,3
PAEP-004684.wav,5
PAEP-004685.wav,4
PAEP-004686.wav,1
PAEP-004687.wav,0
PAEP-004688.wav,2
PAEP-004689.wav,3
PAEP-004690.wav,5
PAEP-004691.wav,1
PAEP-004692.wav,0
PAEP-004693.wav,2
PAEP-004694.wav,3
PAEP-004695.wav,5
PAEP-004696.wav,4
PAEP-004697.wav,1
PAEP-004698.wav,0
PAEP-004699.wav,2
PAEP-004700.wav,3
PAEP-004701.wav,5
PAEP-004702.wav,4
PAEP-004703.wav,1
PAEP-004704.wav,0
PAEP-004705.wav,2
PAEP-004706.wav,3
PAEP-004707.wav,4
PAEP-004708.wav,1
PAEP-004709.wav,0
PAEP-004710.wav,2
PAEP-004711.wav,3
PAEP-004712.wav,5
PAEP-004713.wav,4
PAEP-004714.wav,1
PAEP-004715.wav,0
PAEP-004716.wav,2
PAEP-004717.wav,3
PAEP-004718.wav,5
PAEP-004719.wav,4
PAEP-004720.wav,1
PAEP-004721.wav,0
PAEP-004722.wav,2
PAEP-004723.wav,5
PAEP-004724.wav,4
PAEP-004725.wav,1
PAEP-004726.wav,0
PAEP-004727.wav,2
PAEP-004728.wav,3
PAEP-004729.wav,5
PAEP-004730.wav,4
PAEP-004731.wav,1
PAEP-004732.wav,0
PAEP-004733.wav,2
PAEP-004734.wav,3
PAEP-004735.wav,5
PAEP-004736.wav,4
PAEP-004737.wav,1
PAEP-004738.wav,0
PAEP-004739.wav,3
PAEP-004740.wav,3
PAEP-004741.wav,3
PAEP-004742.wav,5
PAEP-004743.wav,5
PAEP-004744.wav,5
PAEP-004745.wav,4
PAEP-004746.wav,4
PAEP-004747.wav,4
PAEP-004748.wav,1
PAEP-004749.wav,1
PAEP-004750.wav,1
PAEP-004751.wav,0
PAEP-004752.wav,2
PAEP-004753.wav,2
PAEP-004754.wav,2
PAEP-004755.wav,5
PAEP-004756.wav,4
PAEP-004757.wav,1
PAEP-004758.wav,0
PAEP-004759.wav,2
PAEP-004760.wav,3
PAEP-004761.wav,5
PAEP-004762.wav,4
PAEP-004763.wav,1
PAEP-004764.wav,0
PAEP-004765.wav,2
PAEP-004766.wav,3
PAEP-004767.wav,5
PAEP-004768.wav,4
PAEP-004769.wav,1
PAEP-004770.wav,0
PAEP-004771.wav,3
PAEP-004772.wav,5
PAEP-004773.wav,4
PAEP-004774.wav,1
PAEP-004775.wav,0
PAEP-004776.wav,2
PAEP-004777.wav,3
PAEP-004778.wav,5
PAEP-004779.wav,4
PAEP-004780.wav,1
PAEP-004781.wav,0
PAEP-004782.wav,2
PAEP-004783.wav,3
PAEP-004784.wav,5
PAEP-004785.wav,4
PAEP-004786.wav,1
PAEP-004787.wav,2
PAEP-004788.wav,3
PAEP-004789.wav,5
PAEP-004790.wav,4
PAEP-004791.wav,1
PAEP-004792.wav,0
PAEP-004793.wav,2
PAEP-004794.wav,3
PAEP-004795.wav,5
PAEP-004796.wav,4
PAEP-004797.wav,1
PAEP-004798.wav,0
PAEP-004799.wav,2
PAEP-004800.wav,3
PAEP-004801.wav,5
PAEP-004802.wav,4
PAEP-004803.wav,0
PAEP-004804.wav,2
PAEP-004805.wav,3
PAEP-004806.wav,5
PAEP-004807.wav,4
PAEP-004808.wav,1
PAEP-004809.wav,0
PAEP-004810.wav,2
PAEP-004811.wav,3
PAEP-004812.wav,5
PAEP-004813.wav,4
PAEP-004814.wav,1
PAEP-004815.wav,0
PAEP-004816.wav,2
PAEP-004817.wav,3
PAEP-004818.wav,3
PAEP-004819.wav,5
PAEP-004820.wav,5
PAEP-004821.wav,5
PAEP-004822.wav,4
PAEP-004823.wav,4
PAEP-004824.wav,4
PAEP-004825.wav,1
PAEP-004826.wav,1
PAEP-004827.wav,1
PAEP-004828.wav,0
PAEP-004829.wav,2
PAEP-004830.wav,2
PAEP-004831.wav,2
PAEP-004832.wav,3
PAEP-004833.wav,5
PAEP-004834.wav,4
PAEP-004835.wav,0
PAEP-004836.wav,2
PAEP-004837.wav,3
PAEP-004838.wav,5
PAEP-004839.wav,4
PAEP-004840.wav,1
PAEP-004841.wav,0
PAEP-004842.wav,2
PAEP-004843.wav,3
PAEP-004844.wav,5
PAEP-004845.wav,4
PAEP-004846.wav,1
PAEP-004847.wav,0
PAEP-004848.wav,2
PAEP-004849.wav,3
PAEP-004850.wav,5
PAEP-004851.wav,1
PAEP-004852.wav,0
PAEP-004853.wav,2
PAEP-004854.wav,3
PAEP-004855.wav,5
PAEP-004856.wav,4
PAEP-004857.wav,1
PAEP-004858.wav,0
PAEP-004859.wav,2
PAEP-004860.wav,3
PAEP-004861.wav,5
PAEP-004862.wav,4
PAEP-004863.wav,1
PAEP-004864.wav,0
PAEP-004865.wav,2
PAEP-004866.wav,3
PAEP-004867.wav,4
PAEP-004868.wav,1
PAEP-004869.wav,0
PAEP-004870.wav,2
PAEP-004871.wav,3
PAEP-004872.wav,5
PAEP-004873.wav,4
PAEP-004874.wav,1
PAEP-004875.wav,0
PAEP-004876.wav,2
PAEP-004877.wav,3
PAEP-004878.wav,5
PAEP-004879.wav,4
PAEP-004880.wav,1
PAEP-004881.wav,0
PAEP-004882.wav,2
PAEP-004883.wav,5
PAEP-004884.wav,4
PAEP-004885.wav,1
PAEP-004886.wav,0
PAEP-004887.wav,2
PAEP-004888.wav,3
PAEP-004889.wav,5
PAEP-004890.wav,4
PAEP-004891.wav,1
PAEP-004892.wav,0
PAEP-004893.wav,2
PAEP-004894.wav,3
PAEP-004895.wav,3
PAEP-004896.wav,3
PAEP-004897.wav,5
PAEP-004898.wav,5
PAEP-004899.wav,1
PAEP-004900.wav,4
PAEP-004901.wav,2
PAEP-004902.wav,4
PAEP-004903.wav,5
PAEP-004904.wav,3
PAEP-004905.wav,2
PAEP-004906.wav,3
PAEP-004907.wav,2
PAEP-004908.wav,0
PAEP-004909.wav,1
PAEP-004910.wav,3
PAEP-004911.wav,1
PAEP-004912.wav,4
PAEP-004913.wav,5
PAEP-004914.wav,4
PAEP-004915.wav,4
PAEP-004916.wav,4
PAEP-004917.wav,1
PAEP-004918.wav,1
PAEP-004919.wav,1
PAEP-004920.wav,0
PAEP-004921.wav,2
PAEP-004922.wav,2
PAEP-004923.wav,2
PAEP-004924.wav,3
PAEP-004925.wav,5
PAEP-004926.wav,4
PAEP-004927.wav,1
PAEP-004928.wav,0
PAEP-004929.wav,2
PAEP-004930.wav,5
PAEP-004931.wav,4
PAEP-004932.wav,1
PAEP-004933.wav,0
PAEP-004934.wav,2
PAEP-004935.wav,3
PAEP-004936.wav,5
PAEP-004937.wav,4
PAEP-004938.wav,1
PAEP-004939.wav,0
PAEP-004940.wav,2
PAEP-004941.wav,3
PAEP-004942.wav,5
PAEP-004943.wav,4
PAEP-004944.wav,1
PAEP-004945.wav,0
PAEP-004946.wav,3
PAEP-004947.wav,5
PAEP-004948.wav,4
PAEP-004949.wav,1
PAEP-004950.wav,0
PAEP-004951.wav,2
PAEP-004952.wav,3
PAEP-004953.wav,5
PAEP-004954.wav,4
PAEP-004955.wav,1
PAEP-004956.wav,0
PAEP-004957.wav,2
PAEP-004958.wav,3
PAEP-004959.wav,5
PAEP-004960.wav,4
PAEP-004961.wav,1
PAEP-004962.wav,2
PAEP-004963.wav,3
PAEP-004964.wav,5
PAEP-004965.wav,4
PAEP-004966.wav,1
PAEP-004967.wav,0
PAEP-004968.wav,2
PAEP-004969.wav,3
PAEP-004970.wav,5
PAEP-004971.wav,4
PAEP-004972.wav,1
PAEP-004973.wav,0
PAEP-004974.wav,2
PAEP-004975.wav,3
PAEP-004976.wav,5
PAEP-004977.wav,4
PAEP-004978.wav,0
PAEP-004979.wav,2
PAEP-004980.wav,3
PAEP-004981.wav,5
PAEP-004982.wav,4
PAEP-004983.wav,1
PAEP-004984.wav,0
PAEP-004985.wav,2
PAEP-004986.wav,3
PAEP-004987.wav,3
PAEP-004988.wav,3
PAEP-004989.wav,5
PAEP-004990.wav,5
PAEP-004991.wav,5
PAEP-004992.wav,4
PAEP-004993.wav,4
PAEP-004994.wav,1
PAEP-004995.wav,1
PAEP-004996.wav,1
PAEP-004997.wav,0
PAEP-004998.wav,2
PAEP-004999.wav,2
PAEP-005000.wav,2
PAEP-005001.wav,3
PAEP-005002.wav,5
PAEP-005003.wav,4
PAEP-005004.wav,1
PAEP-005005.wav,0
PAEP-005006.wav,2
PAEP-005007.wav,3
PAEP-005008.wav,5
PAEP-005009.wav,4
PAEP-005010.wav,0
PAEP-005011.wav,2
PAEP-005012.wav,3
PAEP-005013.wav,5
PAEP-005014.wav,4
PAEP-005015.wav,1
PAEP-005016.wav,0
PAEP-005017.wav,2
PAEP-005018.wav,3
PAEP-005019.wav,5
PAEP-005020.wav,4
PAEP-005021.wav,1
PAEP-005022.wav,0
PAEP-005023.wav,2
PAEP-005024.wav,3
PAEP-005025.wav,5
PAEP-005026.wav,1
PAEP-005027.wav,0
PAEP-005028.wav,2
PAEP-005029.wav,3
PAEP-005030.wav,5
PAEP-005031.wav,4
PAEP-005032.wav,1
PAEP-005033.wav,0
PAEP-005034.wav,2
PAEP-005035.wav,3
PAEP-005036.wav,5
PAEP-005037.wav,4
PAEP-005038.wav,1
PAEP-005039.wav,0
PAEP-005040.wav,2
PAEP-005041.wav,3
PAEP-005042.wav,4
PAEP-005043.wav,1
PAEP-005044.wav,0
PAEP-005045.wav,2
PAEP-005046.wav,3
PAEP-005047.wav,5
PAEP-005048.wav,4
PAEP-005049.wav,1
PAEP-005050.wav,0
PAEP-005051.wav,2
PAEP-005052.wav,3
PAEP-005053.wav,5
PAEP-005054.wav,4
PAEP-005055.wav,1
PAEP-005056.wav,0
PAEP-005057.wav,2
PAEP-005058.wav,5
PAEP-005059.wav,4
PAEP-005060.wav,1
PAEP-005061.wav,0
PAEP-005062.wav,2
PAEP-005063.wav,3
PAEP-005064.wav,3
PAEP-005065.wav,3
PAEP-005066.wav,5
PAEP-005067.wav,5
PAEP-005068.wav,5
PAEP-005069.wav,4
PAEP-005070.wav,4
PAEP-005071.wav,4
PAEP-005072.wav,1
PAEP-005073.wav,1
PAEP-005074.wav,0
PAEP-005075.wav,2
PAEP-005076.wav,2
PAEP-005077.wav,2
PAEP-005078.wav,3
PAEP-005079.wav,5
PAEP-005080.wav,4
PAEP-005081.wav,1
PAEP-005082.wav,0
PAEP-005083.wav,2
PAEP-005084.wav,3
PAEP-005085.wav,5
PAEP-005086.wav,4
PAEP-005087.wav,1
PAEP-005088.wav,0
PAEP-005089.wav,2
PAEP-005090.wav,5
PAEP-005091.wav,4
PAEP-005092.wav,1
PAEP-005093.wav,0
PAEP-005094.wav,2
PAEP-005095.wav,3
PAEP-005096.wav,5
PAEP-005097.wav,4
PAEP-005098.wav,1
PAEP-005099.wav,0
PAEP-005100.wav,2
PAEP-005101.wav,3
PAEP-005102.wav,5
PAEP-005103.wav,4
PAEP-005104.wav,1
PAEP-005105.wav,0
PAEP-005106.wav,3
PAEP-005107.wav,5
PAEP-005108.wav,4
PAEP-005109.wav,1
PAEP-005110.wav,0
PAEP-005111.wav,2
PAEP-005112.wav,3
PAEP-005113.wav,5
PAEP-005114.wav,4
PAEP-005115.wav,1
PAEP-005116.wav,0
PAEP-005117.wav,2
PAEP-005118.wav,3
PAEP-005119.wav,5
PAEP-005120.wav,4
PAEP-005121.wav,1
PAEP-005122.wav,2
PAEP-005123.wav,3
PAEP-005124.wav,5
PAEP-005125.wav,4
PAEP-005126.wav,1
PAEP-005127.wav,0
PAEP-005128.wav,2
PAEP-005129.wav,3
PAEP-005130.wav,5
PAEP-005131.wav,4
PAEP-005132.wav,1
PAEP-005133.wav,0
PAEP-005134.wav,2
PAEP-005135.wav,3
PAEP-005136.wav,5
PAEP-005137.wav,4
PAEP-005138.wav,0
PAEP-005139.wav,2
PAEP-005140.wav,3
PAEP-005141.wav,3
PAEP-005142.wav,3
PAEP-005143.wav,5
PAEP-005144.wav,5
PAEP-005145.wav,5
PAEP-005146.wav,4
PAEP-005147.wav,4
PAEP-005148.wav,4
PAEP-005149.wav,1
PAEP-005150.wav,1
PAEP-005151.wav,1
PAEP-005152.wav,0
PAEP-005153.wav,2
PAEP-005154.wav,2
PAEP-005155.wav,3
PAEP-005156.wav,5
PAEP-005157.wav,4
PAEP-005158.wav,1
PAEP-005159.wav,0
PAEP-005160.wav,2
PAEP-005161.wav,3
PAEP-005162.wav,5
PAEP-005163.wav,4
PAEP-005164.wav,1
PAEP-005165.wav,0
PAEP-005166.wav,2
PAEP-005167.wav,3
PAEP-005168.wav,5
PAEP-005169.wav,4
PAEP-005170.wav,5
PAEP-005171.wav,3
PAEP-005172.wav,2
PAEP-005173.wav,0
PAEP-005174.wav,1
PAEP-005175.wav,4
PAEP-005176.wav,1
PAEP-005177.wav,4
PAEP-005178.wav,5
PAEP-005179.wav,3
PAEP-005180.wav,1
PAEP-005181.wav,3
PAEP-005182.wav,2
PAEP-005183.wav,0
PAEP-005184.wav,1
PAEP-005185.wav,0
PAEP-005186.wav,2
PAEP-005187.wav,3
PAEP-005188.wav,5
PAEP-005189.wav,4
PAEP-005190.wav,1
PAEP-005191.wav,0
PAEP-005192.wav,2
PAEP-005193.wav,3
PAEP-005194.wav,5
PAEP-005195.wav,4
PAEP-005196.wav,1
PAEP-005197.wav,0
PAEP-005198.wav,2
PAEP-005199.wav,3
PAEP-005200.wav,5
PAEP-005201.wav,1
PAEP-005202.wav,0
PAEP-005203.wav,2
PAEP-005204.wav,3
PAEP-005205.wav,5
PAEP-005206.wav,4
PAEP-005207.wav,1
PAEP-005208.wav,0
PAEP-005209.wav,2
PAEP-005210.wav,3
PAEP-005211.wav,5
PAEP-005212.wav,4
PAEP-005213.wav,1
PAEP-005214.wav,0
PAEP-005215.wav,2
PAEP-005216.wav,3
PAEP-005217.wav,4
PAEP-005218.wav,1
PAEP-005219.wav,0
PAEP-005220.wav,2
PAEP-005221.wav,3
PAEP-005222.wav,5
PAEP-005223.wav,4
PAEP-005224.wav,1
PAEP-005225.wav,0
PAEP-005226.wav,2
PAEP-005227.wav,1
PAEP-005228.wav,4
PAEP-005229.wav,5
